2024-03-25 21:05:47,484 - INFO - Starting Fold 1
2024-03-25 21:05:47,484 - INFO - Processing Subject 1 in Fold 1
2024-03-25 21:07:21,222 - INFO - Subject 1, Epoch 1: Train Loss 1.1764, Train Acc 0.3544, Train F1 0.3535, Test Loss 1.0702, Test Acc 0.3860, Test F1 0.2692
2024-03-25 21:09:03,558 - INFO - Starting Fold 1
2024-03-25 21:09:03,559 - INFO - Processing Subject 1 in Fold 1
2024-03-25 21:18:27,595 - INFO - Processing Subject 1 with dataset size: 3394
2024-03-25 21:18:27,599 - INFO - Starting Fold 1 for Subject 1
2024-03-25 21:19:16,437 - INFO - Subject 1, Epoch 1: Train Loss 1.1932, Train Acc 0.3591, Train F1 0.3574, Test Loss 1.0707, Test Acc 0.3373, Test F1 0.1701
2024-03-25 21:20:03,410 - INFO - Subject 1, Epoch 2: Train Loss 1.0689, Train Acc 0.4158, Train F1 0.4141, Test Loss 1.0431, Test Acc 0.4080, Test F1 0.2929
2024-03-25 21:20:51,045 - INFO - Subject 1, Epoch 3: Train Loss 1.0572, Train Acc 0.4394, Train F1 0.4401, Test Loss 0.9792, Test Acc 0.6097, Test F1 0.5772
2024-03-25 21:21:37,332 - INFO - Subject 1, Epoch 4: Train Loss 0.9813, Train Acc 0.5087, Train F1 0.5086, Test Loss 0.8574, Test Acc 0.4786, Test F1 0.4109
2024-03-25 21:22:23,801 - INFO - Subject 1, Epoch 5: Train Loss 0.8265, Train Acc 0.6674, Train F1 0.6656, Test Loss 0.6131, Test Acc 0.9352, Test F1 0.9359
2024-03-25 21:23:11,094 - INFO - Subject 1, Epoch 6: Train Loss 0.6009, Train Acc 0.7753, Train F1 0.7728, Test Loss 0.4044, Test Acc 0.9337, Test F1 0.9332
2024-03-25 21:23:59,366 - INFO - Subject 1, Epoch 7: Train Loss 0.4486, Train Acc 0.8453, Train F1 0.8442, Test Loss 0.4008, Test Acc 0.8778, Test F1 0.8746
2024-03-25 21:24:54,397 - INFO - Subject 1, Epoch 8: Train Loss 0.3170, Train Acc 0.9109, Train F1 0.9105, Test Loss 0.2888, Test Acc 0.9352, Test F1 0.9344
2024-03-25 21:25:45,202 - INFO - Subject 1, Epoch 9: Train Loss 0.2655, Train Acc 0.9282, Train F1 0.9281, Test Loss 0.2307, Test Acc 0.9308, Test F1 0.9306
2024-03-25 21:26:32,169 - INFO - Subject 1, Epoch 10: Train Loss 0.2356, Train Acc 0.9278, Train F1 0.9277, Test Loss 0.1837, Test Acc 0.9411, Test F1 0.9409
2024-03-25 21:27:22,689 - INFO - Subject 1, Epoch 11: Train Loss 0.2143, Train Acc 0.9315, Train F1 0.9317, Test Loss 0.1761, Test Acc 0.9705, Test F1 0.9705
2024-03-25 21:28:16,729 - INFO - Subject 1, Epoch 12: Train Loss 0.1805, Train Acc 0.9473, Train F1 0.9475, Test Loss 0.1589, Test Acc 0.9691, Test F1 0.9691
2024-03-25 21:29:11,255 - INFO - Subject 1, Epoch 13: Train Loss 0.1755, Train Acc 0.9477, Train F1 0.9478, Test Loss 0.1476, Test Acc 0.9543, Test F1 0.9545
2024-03-25 21:30:02,611 - INFO - Subject 1, Epoch 14: Train Loss 0.1647, Train Acc 0.9514, Train F1 0.9515, Test Loss 0.1459, Test Acc 0.9588, Test F1 0.9589
2024-03-25 21:30:51,229 - INFO - Subject 1, Epoch 15: Train Loss 0.1594, Train Acc 0.9495, Train F1 0.9496, Test Loss 0.1463, Test Acc 0.9588, Test F1 0.9589
2024-03-25 21:31:51,944 - INFO - Processing Subject 1 with dataset size: 3394
2024-03-25 21:31:51,948 - INFO - Starting Fold 1 for Subject 1
2024-03-25 21:32:42,868 - INFO - Subject 1, Epoch 1: Train Loss 1.1917, Train Acc 0.3484, Train F1 0.3478, Test Loss 1.0620, Test Acc 0.3903, Test F1 0.2808
2024-03-25 21:33:38,379 - INFO - Subject 1, Epoch 2: Train Loss 1.0792, Train Acc 0.3985, Train F1 0.3936, Test Loss 1.0305, Test Acc 0.4183, Test F1 0.3167
2024-03-25 21:34:34,321 - INFO - Subject 1, Epoch 3: Train Loss 1.0601, Train Acc 0.4368, Train F1 0.4346, Test Loss 0.9867, Test Acc 0.6775, Test F1 0.6318
2024-03-25 21:35:23,243 - INFO - Subject 1, Epoch 4: Train Loss 1.0009, Train Acc 0.4987, Train F1 0.4960, Test Loss 1.0316, Test Acc 0.4080, Test F1 0.2959
2024-03-25 21:36:12,456 - INFO - Subject 1, Epoch 5: Train Loss 0.8930, Train Acc 0.5908, Train F1 0.5863, Test Loss 0.8215, Test Acc 0.5773, Test F1 0.4716
2024-03-25 21:36:12,456 - INFO - Fold 1 completed for Subject 1.
2024-03-25 21:36:12,456 - INFO - Starting Fold 2 for Subject 1
2024-03-25 21:48:26,563 - INFO - Processing Subject 1 with dataset size: 3394
2024-03-25 21:48:26,567 - INFO - Starting Fold 1 for Subject 1
2024-03-25 21:48:26,569 - INFO - Starting Fold 2 for Subject 1
2024-03-25 21:48:26,571 - INFO - Starting Fold 3 for Subject 1
2024-03-25 21:48:26,572 - INFO - Starting Fold 4 for Subject 1
2024-03-25 21:48:26,574 - INFO - Starting Fold 5 for Subject 1
2024-03-25 21:48:50,558 - INFO - Processing Subject 1 with dataset size: 3394
2024-03-25 21:48:50,562 - INFO - Starting Fold 1 for Subject 1
2024-03-25 21:48:50,564 - INFO - Starting Fold 2 for Subject 1
2024-03-25 21:48:50,565 - INFO - Starting Fold 3 for Subject 1
2024-03-25 21:48:50,567 - INFO - Starting Fold 4 for Subject 1
2024-03-25 21:48:50,569 - INFO - Starting Fold 5 for Subject 1
2024-03-25 21:49:41,881 - INFO - Subject 1, Epoch 1: Train Loss 1.1636, Train Acc 0.3560, Train F1 0.3532, Test Loss 1.0920, Test Acc 0.3805, Test F1 0.2902
2024-03-25 21:50:33,416 - INFO - Subject 1, Epoch 2: Train Loss 1.0991, Train Acc 0.3616, Train F1 0.3499, Test Loss 1.0786, Test Acc 0.5059, Test F1 0.4737
2024-03-25 21:50:33,416 - INFO - Fold 5 completed for Subject 1.
2024-03-25 21:50:33,470 - INFO - Processing Subject 2 with dataset size: 3394
2024-03-25 21:50:33,472 - INFO - Starting Fold 1 for Subject 2
2024-03-25 21:50:33,474 - INFO - Starting Fold 2 for Subject 2
2024-03-25 21:50:33,476 - INFO - Starting Fold 3 for Subject 2
2024-03-25 21:50:33,478 - INFO - Starting Fold 4 for Subject 2
2024-03-25 21:50:33,479 - INFO - Starting Fold 5 for Subject 2
2024-03-25 21:51:25,953 - INFO - Subject 2, Epoch 1: Train Loss 1.1523, Train Acc 0.3266, Train F1 0.3212, Test Loss 1.0865, Test Acc 0.3820, Test F1 0.2650
2024-03-25 21:52:18,014 - INFO - Subject 2, Epoch 2: Train Loss 1.0947, Train Acc 0.3594, Train F1 0.3593, Test Loss 1.0646, Test Acc 0.4661, Test F1 0.3853
2024-03-25 21:52:18,015 - INFO - Fold 5 completed for Subject 2.
2024-03-25 21:52:18,023 - INFO - Processing Subject 3 with dataset size: 3394
2024-03-25 21:52:18,025 - INFO - Starting Fold 1 for Subject 3
2024-03-25 21:52:18,027 - INFO - Starting Fold 2 for Subject 3
2024-03-25 21:52:18,029 - INFO - Starting Fold 3 for Subject 3
2024-03-25 21:52:18,031 - INFO - Starting Fold 4 for Subject 3
2024-03-25 21:52:18,032 - INFO - Starting Fold 5 for Subject 3
2024-03-25 21:53:08,055 - INFO - Subject 3, Epoch 1: Train Loss 1.0937, Train Acc 0.4249, Train F1 0.4243, Test Loss 0.9941, Test Acc 0.4897, Test F1 0.4072
2024-03-25 21:54:09,867 - INFO - Processing Subject 1 with dataset size: 3394
2024-03-25 21:54:09,871 - INFO - Starting Epoch 1, Fold 1 for Subject 1
2024-03-25 21:54:09,873 - INFO - Starting Epoch 1, Fold 2 for Subject 1
2024-03-25 21:54:09,875 - INFO - Starting Epoch 1, Fold 3 for Subject 1
2024-03-25 21:54:09,876 - INFO - Starting Epoch 1, Fold 4 for Subject 1
2024-03-25 21:54:09,878 - INFO - Starting Epoch 1, Fold 5 for Subject 1
2024-03-25 21:54:59,333 - INFO - Subject 1, Epoch 1: Train Loss 1.1598, Train Acc 0.3627, Train F1 0.3604, Test Loss 1.0632, Test Acc 0.3953, Test F1 0.2841
2024-03-25 21:55:47,020 - INFO - Subject 1, Epoch 2: Train Loss 1.0720, Train Acc 0.4186, Train F1 0.4188, Test Loss 1.1612, Test Acc 0.3245, Test F1 0.1590
2024-03-25 21:55:47,020 - INFO - Fold 5 completed for Subject 1.
2024-03-25 21:55:47,025 - INFO - Processing Subject 2 with dataset size: 3394
2024-03-25 21:55:47,027 - INFO - Starting Epoch 1, Fold 1 for Subject 2
2024-03-25 21:55:47,029 - INFO - Starting Epoch 1, Fold 2 for Subject 2
2024-03-25 21:55:47,031 - INFO - Starting Epoch 1, Fold 3 for Subject 2
2024-03-25 21:55:47,033 - INFO - Starting Epoch 1, Fold 4 for Subject 2
2024-03-25 21:55:47,034 - INFO - Starting Epoch 1, Fold 5 for Subject 2
2024-03-25 21:56:36,665 - INFO - Processing Subject 1 with dataset size: 3394
2024-03-25 21:57:25,687 - INFO - Subject 1, Epoch 1: Train Loss 1.1864, Train Acc 0.3641, Train F1 0.3630, Test Loss 1.1065, Test Acc 0.3260, Test F1 0.1603
2024-03-25 21:57:25,692 - INFO - Processing Subject 2 with dataset size: 3394
2024-03-25 21:57:42,840 - INFO - Processing Subject 1 with dataset size: 3394
2024-03-25 21:58:31,393 - INFO - Subject 1, Epoch 1: Train Loss 1.1788, Train Acc 0.3505, Train F1 0.3459, Test Loss 1.0802, Test Acc 0.3968, Test F1 0.2870
2024-03-25 21:58:31,397 - INFO - Processing Subject 2 with dataset size: 3394
2024-03-25 21:59:18,269 - INFO - Subject 2, Epoch 1: Train Loss 1.1721, Train Acc 0.3531, Train F1 0.3475, Test Loss 1.0898, Test Acc 0.3909, Test F1 0.2780
2024-03-25 21:59:55,120 - INFO - Processing Subject 1 with dataset size: 3394
2024-03-25 22:00:43,889 - INFO - Subject 1, Epoch 1: Train Loss 1.1867, Train Acc 0.3549, Train F1 0.3547, Test Loss 1.0954, Test Acc 0.3496, Test F1 0.1811
2024-03-25 22:00:43,893 - INFO - Processing Subject 2 with dataset size: 3394
2024-03-25 22:01:31,147 - INFO - Subject 2, Epoch 1: Train Loss 1.1691, Train Acc 0.3332, Train F1 0.3323, Test Loss 1.1016, Test Acc 0.3968, Test F1 0.2769
2024-03-25 22:01:31,152 - INFO - Processing Subject 3 with dataset size: 3394
2024-03-25 22:02:20,061 - INFO - Subject 3, Epoch 1: Train Loss 1.1229, Train Acc 0.3962, Train F1 0.3958, Test Loss 1.0911, Test Acc 0.3496, Test F1 0.1811
2024-03-25 22:08:20,112 - INFO - Processing Subject 1 with dataset size: 3394
2024-03-25 22:09:13,497 - INFO - Subject 1, Epoch 1: Train Loss 1.1705, Train Acc 0.3465, Train F1 0.3459, Test Loss 1.0984, Test Acc 0.3260, Test F1 0.1603
2024-03-25 22:10:05,181 - INFO - Subject 1, Epoch 2: Train Loss 1.0861, Train Acc 0.3881, Train F1 0.3823, Test Loss 1.0845, Test Acc 0.3776, Test F1 0.2568
2024-03-25 22:10:56,930 - INFO - Subject 1, Epoch 3: Train Loss 1.0482, Train Acc 0.4345, Train F1 0.4302, Test Loss 0.9667, Test Acc 0.5531, Test F1 0.4547
2024-03-25 22:11:48,509 - INFO - Subject 1, Epoch 4: Train Loss 0.8700, Train Acc 0.6046, Train F1 0.5888, Test Loss 0.6974, Test Acc 0.7758, Test F1 0.7804
2024-03-25 22:12:40,088 - INFO - Subject 1, Epoch 5: Train Loss 0.7535, Train Acc 0.6631, Train F1 0.6533, Test Loss 0.5798, Test Acc 0.8245, Test F1 0.8081
2024-03-25 22:13:31,637 - INFO - Subject 1, Epoch 6: Train Loss 0.5352, Train Acc 0.7868, Train F1 0.7784, Test Loss 0.4275, Test Acc 0.8009, Test F1 0.7988
2024-03-25 22:14:22,911 - INFO - Subject 1, Epoch 7: Train Loss 0.5072, Train Acc 0.7820, Train F1 0.7785, Test Loss 0.3628, Test Acc 0.9012, Test F1 0.9007
2024-03-25 22:15:14,323 - INFO - Subject 1, Epoch 8: Train Loss 0.3828, Train Acc 0.8597, Train F1 0.8579, Test Loss 0.4228, Test Acc 0.8038, Test F1 0.7964
2024-03-25 22:16:05,798 - INFO - Subject 1, Epoch 9: Train Loss 0.3280, Train Acc 0.8866, Train F1 0.8850, Test Loss 0.2776, Test Acc 0.9115, Test F1 0.9104
2024-03-25 22:16:57,781 - INFO - Subject 1, Epoch 10: Train Loss 0.2992, Train Acc 0.8947, Train F1 0.8940, Test Loss 0.3692, Test Acc 0.8304, Test F1 0.8269
2024-03-25 22:17:52,059 - INFO - Subject 1, Epoch 11: Train Loss 0.2687, Train Acc 0.9127, Train F1 0.9119, Test Loss 0.2550, Test Acc 0.9248, Test F1 0.9238
2024-03-25 22:18:43,632 - INFO - Subject 1, Epoch 12: Train Loss 0.2477, Train Acc 0.9197, Train F1 0.9191, Test Loss 0.2212, Test Acc 0.9277, Test F1 0.9278
2024-03-25 22:19:34,762 - INFO - Subject 1, Epoch 13: Train Loss 0.2314, Train Acc 0.9234, Train F1 0.9227, Test Loss 0.2180, Test Acc 0.9292, Test F1 0.9291
2024-03-25 22:20:26,362 - INFO - Subject 1, Epoch 14: Train Loss 0.2235, Train Acc 0.9282, Train F1 0.9274, Test Loss 0.2094, Test Acc 0.9292, Test F1 0.9292
2024-03-25 22:21:17,899 - INFO - Subject 1, Epoch 15: Train Loss 0.2182, Train Acc 0.9286, Train F1 0.9278, Test Loss 0.2066, Test Acc 0.9292, Test F1 0.9289
2024-03-25 22:22:09,196 - INFO - Subject 1, Epoch 16: Train Loss 0.5483, Train Acc 0.7725, Train F1 0.7717, Test Loss 0.3251, Test Acc 0.8702, Test F1 0.8613
2024-03-25 22:23:00,860 - INFO - Subject 1, Epoch 17: Train Loss 0.4695, Train Acc 0.7894, Train F1 0.7881, Test Loss 0.2559, Test Acc 0.9115, Test F1 0.9105
2024-03-25 22:23:52,143 - INFO - Subject 1, Epoch 18: Train Loss 0.2824, Train Acc 0.8877, Train F1 0.8873, Test Loss 0.3313, Test Acc 0.8879, Test F1 0.8827
2024-03-25 22:24:43,232 - INFO - Subject 1, Epoch 19: Train Loss 0.2569, Train Acc 0.8943, Train F1 0.8938, Test Loss 0.2235, Test Acc 0.9086, Test F1 0.9088
2024-03-25 22:25:34,914 - INFO - Subject 1, Epoch 20: Train Loss 0.2396, Train Acc 0.9083, Train F1 0.9078, Test Loss 0.1648, Test Acc 0.9499, Test F1 0.9503
2024-03-25 22:26:26,068 - INFO - Subject 1, Epoch 21: Train Loss 0.2458, Train Acc 0.9032, Train F1 0.9029, Test Loss 0.2492, Test Acc 0.9012, Test F1 0.9027
2024-03-25 22:27:17,460 - INFO - Subject 1, Epoch 22: Train Loss 0.2164, Train Acc 0.9142, Train F1 0.9139, Test Loss 0.3581, Test Acc 0.8230, Test F1 0.8119
2024-03-25 22:28:08,697 - INFO - Subject 1, Epoch 23: Train Loss 0.2678, Train Acc 0.8903, Train F1 0.8898, Test Loss 0.1563, Test Acc 0.9322, Test F1 0.9306
2024-03-25 22:29:00,112 - INFO - Subject 1, Epoch 24: Train Loss 0.1921, Train Acc 0.9223, Train F1 0.9220, Test Loss 0.2337, Test Acc 0.8820, Test F1 0.8763
2024-03-25 22:29:51,712 - INFO - Subject 1, Epoch 25: Train Loss 0.1555, Train Acc 0.9433, Train F1 0.9430, Test Loss 0.1239, Test Acc 0.9381, Test F1 0.9381
2024-03-25 22:30:43,250 - INFO - Subject 1, Epoch 26: Train Loss 0.1354, Train Acc 0.9481, Train F1 0.9479, Test Loss 0.1487, Test Acc 0.9395, Test F1 0.9394
2024-03-25 22:31:34,698 - INFO - Subject 1, Epoch 27: Train Loss 0.1360, Train Acc 0.9448, Train F1 0.9447, Test Loss 0.0960, Test Acc 0.9690, Test F1 0.9690
2024-03-25 22:32:25,791 - INFO - Subject 1, Epoch 28: Train Loss 0.1782, Train Acc 0.9282, Train F1 0.9279, Test Loss 0.0991, Test Acc 0.9631, Test F1 0.9630
2024-03-25 22:33:17,445 - INFO - Subject 1, Epoch 29: Train Loss 0.1413, Train Acc 0.9543, Train F1 0.9543, Test Loss 0.1324, Test Acc 0.9336, Test F1 0.9336
2024-03-25 22:34:09,065 - INFO - Subject 1, Epoch 30: Train Loss 0.1166, Train Acc 0.9562, Train F1 0.9562, Test Loss 0.0857, Test Acc 0.9646, Test F1 0.9647
2024-03-25 22:35:00,643 - INFO - Subject 1, Epoch 31: Train Loss 0.1322, Train Acc 0.9492, Train F1 0.9490, Test Loss 0.1164, Test Acc 0.9513, Test F1 0.9516
2024-03-25 22:35:52,319 - INFO - Subject 1, Epoch 32: Train Loss 0.0961, Train Acc 0.9669, Train F1 0.9668, Test Loss 0.0965, Test Acc 0.9661, Test F1 0.9663
2024-03-25 22:36:43,241 - INFO - Subject 1, Epoch 33: Train Loss 0.0939, Train Acc 0.9687, Train F1 0.9687, Test Loss 0.0747, Test Acc 0.9720, Test F1 0.9719
2024-03-25 22:37:35,997 - INFO - Subject 1, Epoch 34: Train Loss 0.0843, Train Acc 0.9694, Train F1 0.9695, Test Loss 0.0743, Test Acc 0.9690, Test F1 0.9690
2024-03-25 22:38:29,367 - INFO - Subject 1, Epoch 35: Train Loss 0.0830, Train Acc 0.9709, Train F1 0.9709, Test Loss 0.0754, Test Acc 0.9676, Test F1 0.9677
2024-03-25 22:39:22,389 - INFO - Subject 1, Epoch 36: Train Loss 0.0730, Train Acc 0.9761, Train F1 0.9761, Test Loss 0.0952, Test Acc 0.9631, Test F1 0.9629
2024-03-25 22:40:15,870 - INFO - Subject 1, Epoch 37: Train Loss 0.0760, Train Acc 0.9735, Train F1 0.9735, Test Loss 0.0568, Test Acc 0.9808, Test F1 0.9808
2024-03-25 22:41:08,729 - INFO - Subject 1, Epoch 38: Train Loss 0.0661, Train Acc 0.9812, Train F1 0.9812, Test Loss 0.0549, Test Acc 0.9808, Test F1 0.9808
2024-03-25 22:42:01,530 - INFO - Subject 1, Epoch 39: Train Loss 0.0631, Train Acc 0.9816, Train F1 0.9816, Test Loss 0.0764, Test Acc 0.9764, Test F1 0.9764
2024-03-25 22:42:54,987 - INFO - Subject 1, Epoch 40: Train Loss 0.0661, Train Acc 0.9794, Train F1 0.9794, Test Loss 0.0541, Test Acc 0.9794, Test F1 0.9794
2024-03-25 22:43:48,127 - INFO - Subject 1, Epoch 41: Train Loss 0.0576, Train Acc 0.9831, Train F1 0.9831, Test Loss 0.0558, Test Acc 0.9794, Test F1 0.9794
2024-03-25 22:44:40,884 - INFO - Subject 1, Epoch 42: Train Loss 0.0569, Train Acc 0.9816, Train F1 0.9816, Test Loss 0.0526, Test Acc 0.9823, Test F1 0.9823
2024-03-25 22:45:34,240 - INFO - Subject 1, Epoch 43: Train Loss 0.0560, Train Acc 0.9827, Train F1 0.9827, Test Loss 0.0534, Test Acc 0.9823, Test F1 0.9823
2024-03-25 22:46:25,453 - INFO - Subject 1, Epoch 44: Train Loss 0.0549, Train Acc 0.9827, Train F1 0.9827, Test Loss 0.0524, Test Acc 0.9823, Test F1 0.9823
2024-03-25 22:47:18,524 - INFO - Subject 1, Epoch 45: Train Loss 0.0539, Train Acc 0.9831, Train F1 0.9831, Test Loss 0.0525, Test Acc 0.9808, Test F1 0.9808
2024-03-25 22:48:11,195 - INFO - Subject 1, Epoch 46: Train Loss 0.3412, Train Acc 0.8671, Train F1 0.8668, Test Loss 0.4339, Test Acc 0.8112, Test F1 0.7979
2024-03-25 22:49:03,966 - INFO - Subject 1, Epoch 47: Train Loss 0.2329, Train Acc 0.9057, Train F1 0.9053, Test Loss 0.1746, Test Acc 0.9263, Test F1 0.9266
2024-03-25 22:49:56,953 - INFO - Subject 1, Epoch 48: Train Loss 0.2174, Train Acc 0.9116, Train F1 0.9115, Test Loss 0.1305, Test Acc 0.9513, Test F1 0.9513
2024-03-25 22:50:49,568 - INFO - Subject 1, Epoch 49: Train Loss 0.2880, Train Acc 0.8848, Train F1 0.8842, Test Loss 0.1105, Test Acc 0.9572, Test F1 0.9573
2024-03-25 22:51:42,565 - INFO - Subject 1, Epoch 50: Train Loss 0.1636, Train Acc 0.9396, Train F1 0.9392, Test Loss 0.1057, Test Acc 0.9602, Test F1 0.9599
2024-03-25 22:51:42,625 - INFO - Processing Subject 2 with dataset size: 3394
2024-03-25 22:52:32,909 - INFO - Subject 2, Epoch 1: Train Loss 1.1556, Train Acc 0.3273, Train F1 0.3271, Test Loss 1.1128, Test Acc 0.3496, Test F1 0.1811
2024-03-25 22:53:24,673 - INFO - Subject 2, Epoch 2: Train Loss 1.0910, Train Acc 0.4043, Train F1 0.4044, Test Loss 1.0302, Test Acc 0.3658, Test F1 0.2142
2024-03-25 22:54:17,849 - INFO - Subject 2, Epoch 3: Train Loss 1.0038, Train Acc 0.4753, Train F1 0.4766, Test Loss 0.9318, Test Acc 0.5619, Test F1 0.4697
2024-03-25 22:55:11,270 - INFO - Subject 2, Epoch 4: Train Loss 0.9302, Train Acc 0.5284, Train F1 0.5244, Test Loss 1.0888, Test Acc 0.4263, Test F1 0.3426
2024-03-25 22:56:04,628 - INFO - Subject 2, Epoch 5: Train Loss 0.8774, Train Acc 0.5619, Train F1 0.5539, Test Loss 0.9363, Test Acc 0.5737, Test F1 0.4777
2024-03-25 22:56:57,306 - INFO - Subject 2, Epoch 6: Train Loss 0.8345, Train Acc 0.5924, Train F1 0.5877, Test Loss 0.7642, Test Acc 0.6195, Test F1 0.5292
2024-03-25 22:57:51,092 - INFO - Subject 2, Epoch 7: Train Loss 0.7970, Train Acc 0.6226, Train F1 0.6183, Test Loss 0.7220, Test Acc 0.6003, Test F1 0.6051
2024-03-25 22:58:45,958 - INFO - Subject 2, Epoch 8: Train Loss 0.7817, Train Acc 0.6303, Train F1 0.6249, Test Loss 0.7345, Test Acc 0.6386, Test F1 0.6435
2024-03-25 22:59:41,044 - INFO - Subject 2, Epoch 9: Train Loss 0.7472, Train Acc 0.6543, Train F1 0.6455, Test Loss 0.6752, Test Acc 0.6888, Test F1 0.6879
2024-03-25 23:00:36,841 - INFO - Subject 2, Epoch 10: Train Loss 0.7612, Train Acc 0.6440, Train F1 0.6399, Test Loss 0.6773, Test Acc 0.7537, Test F1 0.7481
2024-03-25 23:01:32,334 - INFO - Subject 2, Epoch 11: Train Loss 0.7042, Train Acc 0.6922, Train F1 0.6838, Test Loss 0.6611, Test Acc 0.7065, Test F1 0.6749
2024-03-25 23:02:27,391 - INFO - Subject 2, Epoch 12: Train Loss 0.6914, Train Acc 0.6940, Train F1 0.6884, Test Loss 0.6678, Test Acc 0.6785, Test F1 0.6631
2024-03-25 23:03:22,209 - INFO - Subject 2, Epoch 13: Train Loss 0.6595, Train Acc 0.7294, Train F1 0.7192, Test Loss 0.6082, Test Acc 0.7566, Test F1 0.7438
2024-03-25 23:04:16,019 - INFO - Subject 2, Epoch 14: Train Loss 0.6424, Train Acc 0.7345, Train F1 0.7253, Test Loss 0.6036, Test Acc 0.7537, Test F1 0.7413
2024-03-25 23:05:05,318 - INFO - Subject 2, Epoch 15: Train Loss 0.6336, Train Acc 0.7305, Train F1 0.7201, Test Loss 0.6030, Test Acc 0.7522, Test F1 0.7400
2024-03-25 23:06:00,796 - INFO - Subject 2, Epoch 16: Train Loss 0.7592, Train Acc 0.6506, Train F1 0.6450, Test Loss 0.7835, Test Acc 0.5811, Test F1 0.5513
2024-03-25 23:06:56,593 - INFO - Subject 2, Epoch 17: Train Loss 0.7435, Train Acc 0.6469, Train F1 0.6433, Test Loss 0.6395, Test Acc 0.7006, Test F1 0.7000
2024-03-25 23:07:51,903 - INFO - Subject 2, Epoch 18: Train Loss 0.6806, Train Acc 0.6973, Train F1 0.6926, Test Loss 0.6008, Test Acc 0.7404, Test F1 0.7257
2024-03-25 23:08:47,931 - INFO - Subject 2, Epoch 19: Train Loss 0.6599, Train Acc 0.6955, Train F1 0.6898, Test Loss 0.5408, Test Acc 0.7935, Test F1 0.7765
2024-03-25 23:09:43,550 - INFO - Subject 2, Epoch 20: Train Loss 0.6691, Train Acc 0.6951, Train F1 0.6922, Test Loss 0.6437, Test Acc 0.7257, Test F1 0.7187
2024-03-25 23:10:36,622 - INFO - Subject 2, Epoch 21: Train Loss 0.5523, Train Acc 0.7552, Train F1 0.7513, Test Loss 0.4180, Test Acc 0.8245, Test F1 0.8198
2024-03-25 23:11:32,248 - INFO - Subject 2, Epoch 22: Train Loss 0.5121, Train Acc 0.7695, Train F1 0.7662, Test Loss 0.4861, Test Acc 0.7640, Test F1 0.7621
2024-03-25 23:12:27,856 - INFO - Subject 2, Epoch 23: Train Loss 0.4770, Train Acc 0.7957, Train F1 0.7943, Test Loss 0.3919, Test Acc 0.8068, Test F1 0.8034
2024-03-25 23:13:23,017 - INFO - Subject 2, Epoch 24: Train Loss 0.4342, Train Acc 0.8100, Train F1 0.8086, Test Loss 0.5912, Test Acc 0.7434, Test F1 0.7482
2024-03-25 23:14:18,353 - INFO - Subject 2, Epoch 25: Train Loss 0.4525, Train Acc 0.7971, Train F1 0.7964, Test Loss 0.3511, Test Acc 0.8540, Test F1 0.8466
2024-03-25 23:15:13,725 - INFO - Subject 2, Epoch 26: Train Loss 0.3684, Train Acc 0.8538, Train F1 0.8538, Test Loss 0.2667, Test Acc 0.9204, Test F1 0.9206
2024-03-25 23:16:11,203 - INFO - Subject 2, Epoch 27: Train Loss 0.3286, Train Acc 0.8652, Train F1 0.8651, Test Loss 0.3042, Test Acc 0.8348, Test F1 0.8286
2024-03-25 23:17:06,909 - INFO - Subject 2, Epoch 28: Train Loss 0.3567, Train Acc 0.8479, Train F1 0.8479, Test Loss 0.2374, Test Acc 0.9336, Test F1 0.9330
2024-03-25 23:18:02,351 - INFO - Subject 2, Epoch 29: Train Loss 0.2959, Train Acc 0.8848, Train F1 0.8845, Test Loss 0.2097, Test Acc 0.9071, Test F1 0.9073
2024-03-25 23:18:57,653 - INFO - Subject 2, Epoch 30: Train Loss 0.2671, Train Acc 0.8910, Train F1 0.8910, Test Loss 0.2175, Test Acc 0.9277, Test F1 0.9270
2024-03-25 23:19:53,423 - INFO - Subject 2, Epoch 31: Train Loss 0.2759, Train Acc 0.8899, Train F1 0.8898, Test Loss 0.2073, Test Acc 0.9440, Test F1 0.9443
2024-03-25 23:20:49,203 - INFO - Subject 2, Epoch 32: Train Loss 0.2566, Train Acc 0.8999, Train F1 0.8998, Test Loss 0.1945, Test Acc 0.8982, Test F1 0.8972
2024-03-25 23:21:45,248 - INFO - Subject 2, Epoch 33: Train Loss 0.2156, Train Acc 0.9245, Train F1 0.9244, Test Loss 0.1659, Test Acc 0.9617, Test F1 0.9617
2024-03-25 23:22:41,188 - INFO - Subject 2, Epoch 34: Train Loss 0.2006, Train Acc 0.9286, Train F1 0.9285, Test Loss 0.1761, Test Acc 0.9233, Test F1 0.9235
2024-03-25 23:23:36,918 - INFO - Subject 2, Epoch 35: Train Loss 0.2015, Train Acc 0.9249, Train F1 0.9249, Test Loss 0.1507, Test Acc 0.9602, Test F1 0.9603
2024-03-25 23:24:32,328 - INFO - Subject 2, Epoch 36: Train Loss 0.1854, Train Acc 0.9415, Train F1 0.9415, Test Loss 0.1592, Test Acc 0.9366, Test F1 0.9363
2024-03-25 23:25:27,494 - INFO - Subject 2, Epoch 37: Train Loss 0.1890, Train Acc 0.9348, Train F1 0.9348, Test Loss 0.1750, Test Acc 0.9469, Test F1 0.9466
2024-03-25 23:26:23,353 - INFO - Subject 2, Epoch 38: Train Loss 0.1716, Train Acc 0.9492, Train F1 0.9492, Test Loss 0.1361, Test Acc 0.9661, Test F1 0.9661
2024-03-25 23:27:18,394 - INFO - Subject 2, Epoch 39: Train Loss 0.1634, Train Acc 0.9540, Train F1 0.9539, Test Loss 0.1320, Test Acc 0.9690, Test F1 0.9690
2024-03-25 23:28:13,947 - INFO - Subject 2, Epoch 40: Train Loss 0.1581, Train Acc 0.9569, Train F1 0.9569, Test Loss 0.1328, Test Acc 0.9676, Test F1 0.9675
2024-03-25 23:29:09,102 - INFO - Subject 2, Epoch 41: Train Loss 0.1563, Train Acc 0.9573, Train F1 0.9573, Test Loss 0.1277, Test Acc 0.9661, Test F1 0.9661
2024-03-25 23:30:04,533 - INFO - Subject 2, Epoch 42: Train Loss 0.1495, Train Acc 0.9599, Train F1 0.9599, Test Loss 0.1243, Test Acc 0.9646, Test F1 0.9646
2024-03-25 23:31:00,960 - INFO - Subject 2, Epoch 43: Train Loss 0.1499, Train Acc 0.9591, Train F1 0.9591, Test Loss 0.1244, Test Acc 0.9676, Test F1 0.9676
2024-03-25 23:31:56,655 - INFO - Subject 2, Epoch 44: Train Loss 0.1483, Train Acc 0.9610, Train F1 0.9610, Test Loss 0.1232, Test Acc 0.9661, Test F1 0.9661
2024-03-25 23:32:52,107 - INFO - Subject 2, Epoch 45: Train Loss 0.1468, Train Acc 0.9613, Train F1 0.9613, Test Loss 0.1232, Test Acc 0.9661, Test F1 0.9661
2024-03-25 23:33:47,550 - INFO - Subject 2, Epoch 46: Train Loss 0.5671, Train Acc 0.7905, Train F1 0.7904, Test Loss 0.1848, Test Acc 0.9558, Test F1 0.9555
2024-03-25 23:34:42,352 - INFO - Subject 2, Epoch 47: Train Loss 0.3100, Train Acc 0.8763, Train F1 0.8763, Test Loss 0.1805, Test Acc 0.9602, Test F1 0.9599
2024-03-25 23:35:37,415 - INFO - Subject 2, Epoch 48: Train Loss 0.2805, Train Acc 0.8881, Train F1 0.8878, Test Loss 0.1798, Test Acc 0.9174, Test F1 0.9160
2024-03-25 23:36:32,931 - INFO - Subject 2, Epoch 49: Train Loss 0.2426, Train Acc 0.9113, Train F1 0.9112, Test Loss 0.1378, Test Acc 0.9676, Test F1 0.9675
2024-03-25 23:37:30,065 - INFO - Subject 2, Epoch 50: Train Loss 0.1908, Train Acc 0.9315, Train F1 0.9314, Test Loss 0.2243, Test Acc 0.9056, Test F1 0.9064
2024-03-25 23:37:30,092 - INFO - Processing Subject 3 with dataset size: 3394
2024-03-25 23:38:27,542 - INFO - Subject 3, Epoch 1: Train Loss 1.0957, Train Acc 0.3973, Train F1 0.3955, Test Loss 0.9699, Test Acc 0.5206, Test F1 0.4253
2024-03-25 23:39:25,452 - INFO - Subject 3, Epoch 2: Train Loss 0.9679, Train Acc 0.4952, Train F1 0.4893, Test Loss 0.9383, Test Acc 0.5531, Test F1 0.4404
2024-03-25 23:40:21,857 - INFO - Subject 3, Epoch 3: Train Loss 0.8942, Train Acc 0.5295, Train F1 0.5205, Test Loss 0.8669, Test Acc 0.5457, Test F1 0.4753
2024-03-25 23:41:20,112 - INFO - Subject 3, Epoch 4: Train Loss 0.8519, Train Acc 0.5681, Train F1 0.5656, Test Loss 0.8203, Test Acc 0.5192, Test F1 0.4283
2024-03-25 23:42:13,129 - INFO - Subject 3, Epoch 5: Train Loss 0.8261, Train Acc 0.5817, Train F1 0.5806, Test Loss 0.7553, Test Acc 0.6903, Test F1 0.6765
2024-03-25 23:43:03,370 - INFO - Subject 3, Epoch 6: Train Loss 0.7482, Train Acc 0.6414, Train F1 0.6395, Test Loss 0.8508, Test Acc 0.5487, Test F1 0.4699
2024-03-25 23:43:53,368 - INFO - Subject 3, Epoch 7: Train Loss 0.7201, Train Acc 0.6388, Train F1 0.6368, Test Loss 0.8708, Test Acc 0.5605, Test F1 0.4512
2024-03-25 23:44:43,195 - INFO - Subject 3, Epoch 8: Train Loss 0.6649, Train Acc 0.6940, Train F1 0.6912, Test Loss 0.6408, Test Acc 0.7080, Test F1 0.6932
2024-03-25 23:45:33,356 - INFO - Subject 3, Epoch 9: Train Loss 0.5876, Train Acc 0.7312, Train F1 0.7274, Test Loss 0.7607, Test Acc 0.6622, Test F1 0.6569
2024-03-25 23:46:23,766 - INFO - Subject 3, Epoch 10: Train Loss 0.5771, Train Acc 0.7353, Train F1 0.7319, Test Loss 0.6557, Test Acc 0.6976, Test F1 0.6927
2024-03-25 23:47:13,611 - INFO - Subject 3, Epoch 11: Train Loss 0.5449, Train Acc 0.7529, Train F1 0.7492, Test Loss 0.5895, Test Acc 0.7360, Test F1 0.7311
2024-03-25 23:48:03,752 - INFO - Subject 3, Epoch 12: Train Loss 0.5140, Train Acc 0.7879, Train F1 0.7850, Test Loss 0.5768, Test Acc 0.7434, Test F1 0.7276
2024-03-25 23:48:54,097 - INFO - Subject 3, Epoch 13: Train Loss 0.4856, Train Acc 0.8034, Train F1 0.7993, Test Loss 0.5867, Test Acc 0.7773, Test F1 0.7801
2024-03-25 23:49:54,228 - INFO - Subject 3, Epoch 14: Train Loss 0.4750, Train Acc 0.8108, Train F1 0.8060, Test Loss 0.5442, Test Acc 0.8038, Test F1 0.8023
2024-03-25 23:50:59,643 - INFO - Subject 3, Epoch 15: Train Loss 0.4707, Train Acc 0.8093, Train F1 0.8036, Test Loss 0.5370, Test Acc 0.7729, Test F1 0.7625
2024-03-25 23:51:52,588 - INFO - Subject 3, Epoch 16: Train Loss 0.5990, Train Acc 0.7213, Train F1 0.7193, Test Loss 0.6329, Test Acc 0.7065, Test F1 0.7121
2024-03-25 23:52:42,985 - INFO - Subject 3, Epoch 17: Train Loss 0.5603, Train Acc 0.7452, Train F1 0.7431, Test Loss 0.7778, Test Acc 0.7139, Test F1 0.7129
2024-03-25 23:53:32,697 - INFO - Subject 3, Epoch 18: Train Loss 0.6223, Train Acc 0.7231, Train F1 0.7219, Test Loss 0.5654, Test Acc 0.7375, Test F1 0.7387
2024-03-25 23:54:22,370 - INFO - Subject 3, Epoch 19: Train Loss 0.5212, Train Acc 0.7669, Train F1 0.7659, Test Loss 0.6173, Test Acc 0.7139, Test F1 0.7203
2024-03-25 23:55:12,316 - INFO - Subject 3, Epoch 20: Train Loss 0.4724, Train Acc 0.7817, Train F1 0.7808, Test Loss 0.4483, Test Acc 0.8215, Test F1 0.8167
2024-03-25 23:56:01,825 - INFO - Subject 3, Epoch 21: Train Loss 0.5250, Train Acc 0.7629, Train F1 0.7620, Test Loss 0.4659, Test Acc 0.7832, Test F1 0.7740
2024-03-25 23:56:51,370 - INFO - Subject 3, Epoch 22: Train Loss 0.4940, Train Acc 0.7798, Train F1 0.7789, Test Loss 0.5207, Test Acc 0.7345, Test F1 0.7197
2024-03-25 23:57:41,439 - INFO - Subject 3, Epoch 23: Train Loss 0.4183, Train Acc 0.8192, Train F1 0.8184, Test Loss 0.4950, Test Acc 0.7758, Test F1 0.7679
2024-03-25 23:58:31,012 - INFO - Subject 3, Epoch 24: Train Loss 0.4534, Train Acc 0.7920, Train F1 0.7915, Test Loss 0.5320, Test Acc 0.7729, Test F1 0.7446
2024-03-25 23:59:21,149 - INFO - Subject 3, Epoch 25: Train Loss 0.3514, Train Acc 0.8627, Train F1 0.8622, Test Loss 0.4378, Test Acc 0.7699, Test F1 0.7508
2024-03-26 00:00:11,013 - INFO - Subject 3, Epoch 26: Train Loss 0.3503, Train Acc 0.8549, Train F1 0.8545, Test Loss 0.3104, Test Acc 0.8909, Test F1 0.8893
2024-03-26 00:01:00,634 - INFO - Subject 3, Epoch 27: Train Loss 0.3124, Train Acc 0.8763, Train F1 0.8760, Test Loss 0.3117, Test Acc 0.8422, Test F1 0.8395
2024-03-26 00:01:50,420 - INFO - Subject 3, Epoch 28: Train Loss 0.2961, Train Acc 0.8877, Train F1 0.8876, Test Loss 0.3004, Test Acc 0.8791, Test F1 0.8792
2024-03-26 00:02:40,083 - INFO - Subject 3, Epoch 29: Train Loss 0.3071, Train Acc 0.8774, Train F1 0.8773, Test Loss 0.2871, Test Acc 0.8540, Test F1 0.8518
2024-03-26 00:03:29,562 - INFO - Subject 3, Epoch 30: Train Loss 0.2468, Train Acc 0.9113, Train F1 0.9111, Test Loss 0.2713, Test Acc 0.8982, Test F1 0.8995
2024-03-26 00:04:19,219 - INFO - Subject 3, Epoch 31: Train Loss 0.2201, Train Acc 0.9172, Train F1 0.9171, Test Loss 0.3205, Test Acc 0.8761, Test F1 0.8790
2024-03-26 00:05:08,909 - INFO - Subject 3, Epoch 32: Train Loss 0.1900, Train Acc 0.9389, Train F1 0.9389, Test Loss 0.1990, Test Acc 0.9218, Test F1 0.9220
2024-03-26 00:05:58,364 - INFO - Subject 3, Epoch 33: Train Loss 0.1682, Train Acc 0.9558, Train F1 0.9558, Test Loss 0.2103, Test Acc 0.9218, Test F1 0.9230
2024-03-26 00:06:48,026 - INFO - Subject 3, Epoch 34: Train Loss 0.1663, Train Acc 0.9481, Train F1 0.9480, Test Loss 0.1999, Test Acc 0.9204, Test F1 0.9190
2024-03-26 00:07:37,931 - INFO - Subject 3, Epoch 35: Train Loss 0.1450, Train Acc 0.9599, Train F1 0.9598, Test Loss 0.1679, Test Acc 0.9513, Test F1 0.9507
2024-03-26 00:08:27,712 - INFO - Subject 3, Epoch 36: Train Loss 0.1370, Train Acc 0.9661, Train F1 0.9662, Test Loss 0.1439, Test Acc 0.9602, Test F1 0.9598
2024-03-26 00:09:17,276 - INFO - Subject 3, Epoch 37: Train Loss 0.1232, Train Acc 0.9731, Train F1 0.9732, Test Loss 0.1352, Test Acc 0.9735, Test F1 0.9734
2024-03-26 00:10:07,118 - INFO - Subject 3, Epoch 38: Train Loss 0.1167, Train Acc 0.9753, Train F1 0.9753, Test Loss 0.1347, Test Acc 0.9602, Test F1 0.9598
2024-03-26 00:10:56,996 - INFO - Subject 3, Epoch 39: Train Loss 0.1172, Train Acc 0.9728, Train F1 0.9728, Test Loss 0.1400, Test Acc 0.9705, Test F1 0.9706
2024-03-26 00:11:46,576 - INFO - Subject 3, Epoch 40: Train Loss 0.1064, Train Acc 0.9761, Train F1 0.9761, Test Loss 0.1234, Test Acc 0.9779, Test F1 0.9779
2024-03-26 00:12:36,241 - INFO - Subject 3, Epoch 41: Train Loss 0.1032, Train Acc 0.9786, Train F1 0.9786, Test Loss 0.1162, Test Acc 0.9764, Test F1 0.9764
2024-03-26 00:13:25,893 - INFO - Subject 3, Epoch 42: Train Loss 0.1005, Train Acc 0.9775, Train F1 0.9775, Test Loss 0.1299, Test Acc 0.9779, Test F1 0.9779
2024-03-26 00:14:15,692 - INFO - Subject 3, Epoch 43: Train Loss 0.0997, Train Acc 0.9790, Train F1 0.9790, Test Loss 0.1173, Test Acc 0.9779, Test F1 0.9779
2024-03-26 00:15:05,081 - INFO - Subject 3, Epoch 44: Train Loss 0.0966, Train Acc 0.9786, Train F1 0.9786, Test Loss 0.1153, Test Acc 0.9735, Test F1 0.9734
2024-03-26 00:15:54,841 - INFO - Subject 3, Epoch 45: Train Loss 0.0959, Train Acc 0.9794, Train F1 0.9794, Test Loss 0.1148, Test Acc 0.9779, Test F1 0.9779
2024-03-26 00:16:44,682 - INFO - Subject 3, Epoch 46: Train Loss 0.3553, Train Acc 0.8634, Train F1 0.8633, Test Loss 0.6239, Test Acc 0.7817, Test F1 0.7803
2024-03-26 00:17:36,117 - INFO - Subject 3, Epoch 47: Train Loss 0.2671, Train Acc 0.8899, Train F1 0.8898, Test Loss 0.2255, Test Acc 0.9174, Test F1 0.9154
2024-03-26 00:18:25,529 - INFO - Subject 3, Epoch 48: Train Loss 0.3469, Train Acc 0.8605, Train F1 0.8605, Test Loss 0.6718, Test Acc 0.6814, Test F1 0.6671
2024-03-26 00:19:15,174 - INFO - Subject 3, Epoch 49: Train Loss 0.3125, Train Acc 0.8807, Train F1 0.8807, Test Loss 0.2548, Test Acc 0.8953, Test F1 0.8918
2024-03-26 00:20:05,082 - INFO - Subject 3, Epoch 50: Train Loss 0.2184, Train Acc 0.9227, Train F1 0.9227, Test Loss 0.1632, Test Acc 0.9558, Test F1 0.9561
2024-03-26 00:20:05,134 - INFO - Processing Subject 4 with dataset size: 3394
2024-03-26 00:20:54,796 - INFO - Subject 4, Epoch 1: Train Loss 1.0115, Train Acc 0.4838, Train F1 0.4863, Test Loss 1.4281, Test Acc 0.3260, Test F1 0.1603
2024-03-26 00:21:44,565 - INFO - Subject 4, Epoch 2: Train Loss 0.8262, Train Acc 0.5784, Train F1 0.5750, Test Loss 0.7219, Test Acc 0.5752, Test F1 0.4841
2024-03-26 00:22:34,195 - INFO - Subject 4, Epoch 3: Train Loss 0.7042, Train Acc 0.6252, Train F1 0.6271, Test Loss 0.7776, Test Acc 0.5442, Test F1 0.4554
2024-03-26 00:23:23,699 - INFO - Subject 4, Epoch 4: Train Loss 0.6275, Train Acc 0.6848, Train F1 0.6854, Test Loss 0.5821, Test Acc 0.7139, Test F1 0.6738
2024-03-26 00:24:13,298 - INFO - Subject 4, Epoch 5: Train Loss 0.5836, Train Acc 0.7043, Train F1 0.7020, Test Loss 0.5794, Test Acc 0.7389, Test F1 0.7395
2024-03-26 00:25:02,988 - INFO - Subject 4, Epoch 6: Train Loss 0.5362, Train Acc 0.7187, Train F1 0.7180, Test Loss 0.5972, Test Acc 0.7493, Test F1 0.7519
2024-03-26 00:25:52,804 - INFO - Subject 4, Epoch 7: Train Loss 0.5111, Train Acc 0.7371, Train F1 0.7383, Test Loss 0.5660, Test Acc 0.7271, Test F1 0.7138
2024-03-26 00:26:42,644 - INFO - Subject 4, Epoch 8: Train Loss 0.4796, Train Acc 0.7559, Train F1 0.7557, Test Loss 0.4350, Test Acc 0.8363, Test F1 0.8328
2024-03-26 00:27:32,199 - INFO - Subject 4, Epoch 9: Train Loss 0.4439, Train Acc 0.7946, Train F1 0.7950, Test Loss 0.4037, Test Acc 0.8112, Test F1 0.8095
2024-03-26 00:28:21,891 - INFO - Subject 4, Epoch 10: Train Loss 0.4356, Train Acc 0.7894, Train F1 0.7901, Test Loss 0.4595, Test Acc 0.7507, Test F1 0.7151
2024-03-26 00:29:11,641 - INFO - Subject 4, Epoch 11: Train Loss 0.4197, Train Acc 0.8008, Train F1 0.8012, Test Loss 0.3899, Test Acc 0.8496, Test F1 0.8487
2024-03-26 00:30:01,321 - INFO - Subject 4, Epoch 12: Train Loss 0.3981, Train Acc 0.8104, Train F1 0.8117, Test Loss 0.3730, Test Acc 0.8569, Test F1 0.8575
2024-03-26 00:30:51,184 - INFO - Subject 4, Epoch 13: Train Loss 0.3806, Train Acc 0.8321, Train F1 0.8326, Test Loss 0.3680, Test Acc 0.8156, Test F1 0.8136
2024-03-26 00:31:41,251 - INFO - Subject 4, Epoch 14: Train Loss 0.3773, Train Acc 0.8284, Train F1 0.8290, Test Loss 0.3737, Test Acc 0.8510, Test F1 0.8496
2024-03-26 00:32:31,084 - INFO - Subject 4, Epoch 15: Train Loss 0.3685, Train Acc 0.8233, Train F1 0.8246, Test Loss 0.3656, Test Acc 0.8171, Test F1 0.8151
2024-03-26 00:33:20,932 - INFO - Subject 4, Epoch 16: Train Loss 0.4905, Train Acc 0.7640, Train F1 0.7644, Test Loss 0.4204, Test Acc 0.7581, Test F1 0.7424
2024-03-26 00:34:10,441 - INFO - Subject 4, Epoch 17: Train Loss 0.5035, Train Acc 0.7471, Train F1 0.7471, Test Loss 0.3880, Test Acc 0.8466, Test F1 0.8428
2024-03-26 00:35:00,224 - INFO - Subject 4, Epoch 18: Train Loss 0.4127, Train Acc 0.8063, Train F1 0.8067, Test Loss 0.3976, Test Acc 0.8156, Test F1 0.8051
2024-03-26 00:35:50,049 - INFO - Subject 4, Epoch 19: Train Loss 0.4506, Train Acc 0.7850, Train F1 0.7849, Test Loss 0.5470, Test Acc 0.7773, Test F1 0.7821
2024-03-26 00:36:39,732 - INFO - Subject 4, Epoch 20: Train Loss 0.4539, Train Acc 0.7868, Train F1 0.7875, Test Loss 0.4923, Test Acc 0.7227, Test F1 0.6707
2024-03-26 00:37:29,484 - INFO - Subject 4, Epoch 21: Train Loss 0.4221, Train Acc 0.7898, Train F1 0.7905, Test Loss 0.3609, Test Acc 0.8791, Test F1 0.8776
2024-03-26 00:38:19,231 - INFO - Subject 4, Epoch 22: Train Loss 0.3985, Train Acc 0.8049, Train F1 0.8053, Test Loss 0.5192, Test Acc 0.6888, Test F1 0.6101
2024-03-26 00:39:08,937 - INFO - Subject 4, Epoch 23: Train Loss 0.3814, Train Acc 0.8266, Train F1 0.8270, Test Loss 0.3126, Test Acc 0.8953, Test F1 0.8950
2024-03-26 00:39:58,708 - INFO - Subject 4, Epoch 24: Train Loss 0.3460, Train Acc 0.8549, Train F1 0.8551, Test Loss 0.2794, Test Acc 0.9100, Test F1 0.9102
2024-03-26 00:40:48,254 - INFO - Subject 4, Epoch 25: Train Loss 0.3043, Train Acc 0.8759, Train F1 0.8766, Test Loss 0.3247, Test Acc 0.8481, Test F1 0.8442
2024-03-26 00:41:38,016 - INFO - Subject 4, Epoch 26: Train Loss 0.2753, Train Acc 0.8822, Train F1 0.8829, Test Loss 0.2522, Test Acc 0.9218, Test F1 0.9222
2024-03-26 00:42:27,781 - INFO - Subject 4, Epoch 27: Train Loss 0.2784, Train Acc 0.8829, Train F1 0.8834, Test Loss 0.2672, Test Acc 0.9027, Test F1 0.9025
2024-03-26 00:43:17,305 - INFO - Subject 4, Epoch 28: Train Loss 0.2599, Train Acc 0.8987, Train F1 0.8993, Test Loss 0.2447, Test Acc 0.9322, Test F1 0.9324
2024-03-26 00:44:06,807 - INFO - Subject 4, Epoch 29: Train Loss 0.2394, Train Acc 0.9098, Train F1 0.9101, Test Loss 0.2952, Test Acc 0.8569, Test F1 0.8536
2024-03-26 00:44:56,462 - INFO - Subject 4, Epoch 30: Train Loss 0.2253, Train Acc 0.9157, Train F1 0.9161, Test Loss 0.1907, Test Acc 0.9351, Test F1 0.9354
2024-03-26 00:45:46,074 - INFO - Subject 4, Epoch 31: Train Loss 0.2218, Train Acc 0.9194, Train F1 0.9197, Test Loss 0.2228, Test Acc 0.9322, Test F1 0.9320
2024-03-26 00:46:35,785 - INFO - Subject 4, Epoch 32: Train Loss 0.2212, Train Acc 0.9234, Train F1 0.9238, Test Loss 0.1981, Test Acc 0.9263, Test F1 0.9264
2024-03-26 00:47:25,521 - INFO - Subject 4, Epoch 33: Train Loss 0.1937, Train Acc 0.9267, Train F1 0.9271, Test Loss 0.1871, Test Acc 0.9322, Test F1 0.9324
2024-03-26 00:48:15,250 - INFO - Subject 4, Epoch 34: Train Loss 0.1875, Train Acc 0.9337, Train F1 0.9341, Test Loss 0.1580, Test Acc 0.9425, Test F1 0.9428
2024-03-26 00:49:04,793 - INFO - Subject 4, Epoch 35: Train Loss 0.1773, Train Acc 0.9415, Train F1 0.9417, Test Loss 0.1873, Test Acc 0.9558, Test F1 0.9557
2024-03-26 00:49:54,560 - INFO - Subject 4, Epoch 36: Train Loss 0.1597, Train Acc 0.9466, Train F1 0.9468, Test Loss 0.1981, Test Acc 0.9381, Test F1 0.9377
2024-03-26 00:50:44,062 - INFO - Subject 4, Epoch 37: Train Loss 0.1547, Train Acc 0.9529, Train F1 0.9531, Test Loss 0.1521, Test Acc 0.9410, Test F1 0.9413
2024-03-26 00:51:33,725 - INFO - Subject 4, Epoch 38: Train Loss 0.1532, Train Acc 0.9507, Train F1 0.9509, Test Loss 0.1470, Test Acc 0.9558, Test F1 0.9557
2024-03-26 00:52:23,496 - INFO - Subject 4, Epoch 39: Train Loss 0.1440, Train Acc 0.9499, Train F1 0.9502, Test Loss 0.1368, Test Acc 0.9499, Test F1 0.9501
2024-03-26 00:53:13,060 - INFO - Subject 4, Epoch 40: Train Loss 0.1384, Train Acc 0.9543, Train F1 0.9545, Test Loss 0.1470, Test Acc 0.9425, Test F1 0.9427
2024-03-26 00:54:02,590 - INFO - Subject 4, Epoch 41: Train Loss 0.1333, Train Acc 0.9554, Train F1 0.9556, Test Loss 0.1379, Test Acc 0.9587, Test F1 0.9587
2024-03-26 00:54:52,466 - INFO - Subject 4, Epoch 42: Train Loss 0.1321, Train Acc 0.9569, Train F1 0.9570, Test Loss 0.1373, Test Acc 0.9454, Test F1 0.9457
2024-03-26 00:55:42,163 - INFO - Subject 4, Epoch 43: Train Loss 0.1292, Train Acc 0.9532, Train F1 0.9534, Test Loss 0.1326, Test Acc 0.9499, Test F1 0.9501
2024-03-26 00:56:31,834 - INFO - Subject 4, Epoch 44: Train Loss 0.1277, Train Acc 0.9558, Train F1 0.9560, Test Loss 0.1337, Test Acc 0.9484, Test F1 0.9486
2024-03-26 00:57:21,217 - INFO - Subject 4, Epoch 45: Train Loss 0.1271, Train Acc 0.9562, Train F1 0.9563, Test Loss 0.1323, Test Acc 0.9513, Test F1 0.9515
2024-03-26 00:58:10,686 - INFO - Subject 4, Epoch 46: Train Loss 0.3381, Train Acc 0.8601, Train F1 0.8604, Test Loss 0.2978, Test Acc 0.8451, Test F1 0.8384
2024-03-26 00:59:00,200 - INFO - Subject 4, Epoch 47: Train Loss 0.3297, Train Acc 0.8579, Train F1 0.8579, Test Loss 0.2012, Test Acc 0.9381, Test F1 0.9383
2024-03-26 00:59:49,753 - INFO - Subject 4, Epoch 48: Train Loss 0.1858, Train Acc 0.9381, Train F1 0.9385, Test Loss 0.1382, Test Acc 0.9558, Test F1 0.9559
2024-03-26 01:00:39,422 - INFO - Subject 4, Epoch 49: Train Loss 0.1611, Train Acc 0.9415, Train F1 0.9417, Test Loss 0.2410, Test Acc 0.8702, Test F1 0.8684
2024-03-26 01:01:29,231 - INFO - Subject 4, Epoch 50: Train Loss 0.3686, Train Acc 0.8575, Train F1 0.8575, Test Loss 0.1829, Test Acc 0.9440, Test F1 0.9443
2024-03-26 01:01:29,285 - INFO - Processing Subject 5 with dataset size: 3394
2024-03-26 01:02:18,852 - INFO - Subject 5, Epoch 1: Train Loss 1.1659, Train Acc 0.3479, Train F1 0.3462, Test Loss 1.0726, Test Acc 0.5088, Test F1 0.4130
2024-03-26 01:03:08,165 - INFO - Subject 5, Epoch 2: Train Loss 1.0825, Train Acc 0.4205, Train F1 0.4145, Test Loss 1.0463, Test Acc 0.4189, Test F1 0.3283
2024-03-26 01:03:58,221 - INFO - Subject 5, Epoch 3: Train Loss 1.0593, Train Acc 0.4481, Train F1 0.4409, Test Loss 1.0242, Test Acc 0.4912, Test F1 0.3902
2024-03-26 01:04:47,756 - INFO - Subject 5, Epoch 4: Train Loss 0.9943, Train Acc 0.4923, Train F1 0.4840, Test Loss 0.9298, Test Acc 0.5914, Test F1 0.5357
2024-03-26 01:05:38,003 - INFO - Subject 5, Epoch 5: Train Loss 0.9594, Train Acc 0.5405, Train F1 0.5368, Test Loss 1.0153, Test Acc 0.3496, Test F1 0.1811
2024-03-26 01:06:27,756 - INFO - Subject 5, Epoch 6: Train Loss 0.9312, Train Acc 0.5497, Train F1 0.5451, Test Loss 0.8983, Test Acc 0.5575, Test F1 0.4646
2024-03-26 01:07:17,367 - INFO - Subject 5, Epoch 7: Train Loss 0.7901, Train Acc 0.6683, Train F1 0.6592, Test Loss 0.8024, Test Acc 0.5841, Test F1 0.5749
2024-03-26 01:08:07,122 - INFO - Subject 5, Epoch 8: Train Loss 0.7468, Train Acc 0.6760, Train F1 0.6707, Test Loss 0.8732, Test Acc 0.5413, Test F1 0.5214
2024-03-26 01:08:56,807 - INFO - Subject 5, Epoch 9: Train Loss 0.7129, Train Acc 0.6996, Train F1 0.6948, Test Loss 0.6767, Test Acc 0.7212, Test F1 0.7083
2024-03-26 01:09:46,369 - INFO - Subject 5, Epoch 10: Train Loss 0.6727, Train Acc 0.7161, Train F1 0.7122, Test Loss 0.6247, Test Acc 0.7581, Test F1 0.7581
2024-03-26 01:10:35,991 - INFO - Subject 5, Epoch 11: Train Loss 0.6397, Train Acc 0.7412, Train F1 0.7359, Test Loss 0.6178, Test Acc 0.7566, Test F1 0.7527
2024-03-26 01:11:25,577 - INFO - Subject 5, Epoch 12: Train Loss 0.6340, Train Acc 0.7437, Train F1 0.7387, Test Loss 0.5973, Test Acc 0.7950, Test F1 0.7948
2024-03-26 01:12:15,345 - INFO - Subject 5, Epoch 13: Train Loss 0.6159, Train Acc 0.7588, Train F1 0.7548, Test Loss 0.6397, Test Acc 0.7316, Test F1 0.7171
2024-03-26 01:13:04,867 - INFO - Subject 5, Epoch 14: Train Loss 0.6065, Train Acc 0.7688, Train F1 0.7643, Test Loss 0.6014, Test Acc 0.7611, Test F1 0.7579
2024-03-26 01:13:54,780 - INFO - Subject 5, Epoch 15: Train Loss 0.6000, Train Acc 0.7817, Train F1 0.7773, Test Loss 0.5946, Test Acc 0.7758, Test F1 0.7721
2024-03-26 01:14:44,373 - INFO - Subject 5, Epoch 16: Train Loss 0.8016, Train Acc 0.6436, Train F1 0.6401, Test Loss 0.8423, Test Acc 0.6062, Test F1 0.4882
2024-03-26 01:15:34,173 - INFO - Subject 5, Epoch 17: Train Loss 0.8012, Train Acc 0.6274, Train F1 0.6263, Test Loss 0.7170, Test Acc 0.6962, Test F1 0.6840
2024-03-26 01:16:23,819 - INFO - Subject 5, Epoch 18: Train Loss 0.6930, Train Acc 0.6929, Train F1 0.6896, Test Loss 0.7489, Test Acc 0.7257, Test F1 0.6977
2024-03-26 01:17:13,543 - INFO - Subject 5, Epoch 19: Train Loss 0.6470, Train Acc 0.7058, Train F1 0.7013, Test Loss 0.5328, Test Acc 0.7965, Test F1 0.7944
2024-03-26 01:18:05,097 - INFO - Subject 5, Epoch 20: Train Loss 0.5501, Train Acc 0.7625, Train F1 0.7597, Test Loss 0.4329, Test Acc 0.8201, Test F1 0.8160
2024-03-26 01:18:54,649 - INFO - Subject 5, Epoch 21: Train Loss 0.5789, Train Acc 0.7401, Train F1 0.7381, Test Loss 0.4210, Test Acc 0.8643, Test F1 0.8652
2024-03-26 01:19:44,257 - INFO - Subject 5, Epoch 22: Train Loss 0.5441, Train Acc 0.7732, Train F1 0.7713, Test Loss 0.4949, Test Acc 0.7640, Test F1 0.7591
2024-03-26 01:20:33,863 - INFO - Subject 5, Epoch 23: Train Loss 0.4544, Train Acc 0.8148, Train F1 0.8124, Test Loss 0.3537, Test Acc 0.8997, Test F1 0.8987
2024-03-26 01:21:23,436 - INFO - Subject 5, Epoch 24: Train Loss 0.4590, Train Acc 0.8034, Train F1 0.8008, Test Loss 0.4336, Test Acc 0.7802, Test F1 0.7748
2024-03-26 01:22:13,246 - INFO - Subject 5, Epoch 25: Train Loss 0.4091, Train Acc 0.8314, Train F1 0.8294, Test Loss 0.3491, Test Acc 0.8938, Test F1 0.8925
2024-03-26 01:23:02,892 - INFO - Subject 5, Epoch 26: Train Loss 0.4205, Train Acc 0.8163, Train F1 0.8148, Test Loss 0.3782, Test Acc 0.8333, Test F1 0.8346
2024-03-26 01:23:52,633 - INFO - Subject 5, Epoch 27: Train Loss 0.3551, Train Acc 0.8498, Train F1 0.8476, Test Loss 0.4061, Test Acc 0.8215, Test F1 0.8186
2024-03-26 01:24:42,386 - INFO - Subject 5, Epoch 28: Train Loss 0.3601, Train Acc 0.8395, Train F1 0.8380, Test Loss 0.4846, Test Acc 0.8142, Test F1 0.8013
2024-03-26 01:25:32,517 - INFO - Subject 5, Epoch 29: Train Loss 0.3942, Train Acc 0.8317, Train F1 0.8304, Test Loss 0.2841, Test Acc 0.8820, Test F1 0.8802
2024-03-26 01:26:22,168 - INFO - Subject 5, Epoch 30: Train Loss 0.3126, Train Acc 0.8630, Train F1 0.8614, Test Loss 0.3113, Test Acc 0.8555, Test F1 0.8538
2024-03-26 01:27:11,864 - INFO - Subject 5, Epoch 31: Train Loss 0.3123, Train Acc 0.8722, Train F1 0.8710, Test Loss 0.2263, Test Acc 0.8879, Test F1 0.8864
2024-03-26 01:28:01,593 - INFO - Subject 5, Epoch 32: Train Loss 0.2766, Train Acc 0.8906, Train F1 0.8893, Test Loss 0.2606, Test Acc 0.9189, Test F1 0.9169
2024-03-26 01:28:51,502 - INFO - Subject 5, Epoch 33: Train Loss 0.2968, Train Acc 0.8744, Train F1 0.8733, Test Loss 0.2101, Test Acc 0.9086, Test F1 0.9077
2024-03-26 01:29:41,309 - INFO - Subject 5, Epoch 34: Train Loss 0.2478, Train Acc 0.9028, Train F1 0.9018, Test Loss 0.2062, Test Acc 0.8982, Test F1 0.8970
2024-03-26 01:30:31,046 - INFO - Subject 5, Epoch 35: Train Loss 0.2430, Train Acc 0.9046, Train F1 0.9035, Test Loss 0.2232, Test Acc 0.9189, Test F1 0.9180
2024-03-26 01:31:20,657 - INFO - Subject 5, Epoch 36: Train Loss 0.2306, Train Acc 0.9065, Train F1 0.9054, Test Loss 0.2042, Test Acc 0.8968, Test F1 0.8956
2024-03-26 01:32:10,571 - INFO - Subject 5, Epoch 37: Train Loss 0.2274, Train Acc 0.9098, Train F1 0.9089, Test Loss 0.2295, Test Acc 0.9056, Test F1 0.9060
2024-03-26 01:33:00,196 - INFO - Subject 5, Epoch 38: Train Loss 0.2310, Train Acc 0.9050, Train F1 0.9041, Test Loss 0.1784, Test Acc 0.9204, Test F1 0.9198
2024-03-26 01:33:50,318 - INFO - Subject 5, Epoch 39: Train Loss 0.2176, Train Acc 0.9124, Train F1 0.9114, Test Loss 0.2013, Test Acc 0.9145, Test F1 0.9144
2024-03-26 01:34:40,304 - INFO - Subject 5, Epoch 40: Train Loss 0.2097, Train Acc 0.9179, Train F1 0.9172, Test Loss 0.1782, Test Acc 0.9292, Test F1 0.9288
2024-03-26 01:35:30,092 - INFO - Subject 5, Epoch 41: Train Loss 0.2069, Train Acc 0.9179, Train F1 0.9170, Test Loss 0.1982, Test Acc 0.9248, Test F1 0.9242
2024-03-26 01:36:19,701 - INFO - Subject 5, Epoch 42: Train Loss 0.2046, Train Acc 0.9223, Train F1 0.9216, Test Loss 0.1663, Test Acc 0.9233, Test F1 0.9227
2024-03-26 01:37:09,280 - INFO - Subject 5, Epoch 43: Train Loss 0.1994, Train Acc 0.9212, Train F1 0.9204, Test Loss 0.1678, Test Acc 0.9218, Test F1 0.9212
2024-03-26 01:37:59,128 - INFO - Subject 5, Epoch 44: Train Loss 0.1981, Train Acc 0.9208, Train F1 0.9200, Test Loss 0.1665, Test Acc 0.9233, Test F1 0.9227
2024-03-26 01:38:48,867 - INFO - Subject 5, Epoch 45: Train Loss 0.1970, Train Acc 0.9238, Train F1 0.9231, Test Loss 0.1662, Test Acc 0.9218, Test F1 0.9212
2024-03-26 01:39:38,468 - INFO - Subject 5, Epoch 46: Train Loss 0.4395, Train Acc 0.8295, Train F1 0.8286, Test Loss 0.3955, Test Acc 0.8392, Test F1 0.8270
2024-03-26 01:40:27,995 - INFO - Subject 5, Epoch 47: Train Loss 0.4552, Train Acc 0.8211, Train F1 0.8200, Test Loss 0.2271, Test Acc 0.9115, Test F1 0.9104
2024-03-26 01:41:17,493 - INFO - Subject 5, Epoch 48: Train Loss 0.2957, Train Acc 0.8715, Train F1 0.8705, Test Loss 0.3020, Test Acc 0.8584, Test F1 0.8570
2024-03-26 01:42:07,168 - INFO - Subject 5, Epoch 49: Train Loss 0.3466, Train Acc 0.8549, Train F1 0.8543, Test Loss 0.2411, Test Acc 0.8835, Test F1 0.8776
2024-03-26 01:42:56,918 - INFO - Subject 5, Epoch 50: Train Loss 0.2738, Train Acc 0.8811, Train F1 0.8799, Test Loss 0.1898, Test Acc 0.9115, Test F1 0.9106
2024-03-26 01:42:56,977 - INFO - Processing Subject 6 with dataset size: 3394
2024-03-26 01:43:46,602 - INFO - Subject 6, Epoch 1: Train Loss 1.0642, Train Acc 0.4595, Train F1 0.4539, Test Loss 0.9394, Test Acc 0.6549, Test F1 0.6111
2024-03-26 01:44:36,253 - INFO - Subject 6, Epoch 2: Train Loss 0.8709, Train Acc 0.5943, Train F1 0.5882, Test Loss 0.8180, Test Acc 0.5811, Test F1 0.5372
2024-03-26 01:45:25,928 - INFO - Subject 6, Epoch 3: Train Loss 0.7787, Train Acc 0.6539, Train F1 0.6486, Test Loss 0.8099, Test Acc 0.6357, Test F1 0.6321
2024-03-26 01:46:15,493 - INFO - Subject 6, Epoch 4: Train Loss 0.6541, Train Acc 0.7147, Train F1 0.7098, Test Loss 0.5439, Test Acc 0.8363, Test F1 0.8374
2024-03-26 01:47:05,195 - INFO - Subject 6, Epoch 5: Train Loss 0.4779, Train Acc 0.8177, Train F1 0.8174, Test Loss 0.4261, Test Acc 0.8614, Test F1 0.8632
2024-03-26 01:47:54,841 - INFO - Subject 6, Epoch 6: Train Loss 0.4745, Train Acc 0.7872, Train F1 0.7868, Test Loss 0.3746, Test Acc 0.8658, Test F1 0.8651
2024-03-26 01:48:44,631 - INFO - Subject 6, Epoch 7: Train Loss 0.3207, Train Acc 0.8895, Train F1 0.8893, Test Loss 0.2904, Test Acc 0.9012, Test F1 0.9015
2024-03-26 01:49:34,395 - INFO - Subject 6, Epoch 8: Train Loss 0.2431, Train Acc 0.9234, Train F1 0.9236, Test Loss 0.2088, Test Acc 0.9395, Test F1 0.9386
2024-03-26 01:50:24,016 - INFO - Subject 6, Epoch 9: Train Loss 0.2165, Train Acc 0.9286, Train F1 0.9287, Test Loss 0.3199, Test Acc 0.8392, Test F1 0.8377
2024-03-26 01:51:13,763 - INFO - Subject 6, Epoch 10: Train Loss 0.1909, Train Acc 0.9363, Train F1 0.9364, Test Loss 0.2272, Test Acc 0.8761, Test F1 0.8787
2024-03-26 01:52:03,461 - INFO - Subject 6, Epoch 11: Train Loss 0.1695, Train Acc 0.9385, Train F1 0.9386, Test Loss 0.1507, Test Acc 0.9543, Test F1 0.9538
2024-03-26 01:52:53,313 - INFO - Subject 6, Epoch 12: Train Loss 0.1467, Train Acc 0.9521, Train F1 0.9522, Test Loss 0.1457, Test Acc 0.9661, Test F1 0.9663
2024-03-26 01:53:42,955 - INFO - Subject 6, Epoch 13: Train Loss 0.1404, Train Acc 0.9532, Train F1 0.9533, Test Loss 0.1345, Test Acc 0.9631, Test F1 0.9633
2024-03-26 01:54:32,592 - INFO - Subject 6, Epoch 14: Train Loss 0.1320, Train Acc 0.9566, Train F1 0.9566, Test Loss 0.1309, Test Acc 0.9661, Test F1 0.9661
2024-03-26 01:55:22,197 - INFO - Subject 6, Epoch 15: Train Loss 0.1291, Train Acc 0.9554, Train F1 0.9556, Test Loss 0.1307, Test Acc 0.9646, Test F1 0.9647
2024-03-26 01:56:11,788 - INFO - Subject 6, Epoch 16: Train Loss 0.3055, Train Acc 0.8722, Train F1 0.8720, Test Loss 0.4401, Test Acc 0.8142, Test F1 0.8121
2024-03-26 01:57:01,699 - INFO - Subject 6, Epoch 17: Train Loss 0.3292, Train Acc 0.8663, Train F1 0.8666, Test Loss 0.1675, Test Acc 0.9425, Test F1 0.9418
2024-03-26 01:57:51,352 - INFO - Subject 6, Epoch 18: Train Loss 0.1585, Train Acc 0.9437, Train F1 0.9437, Test Loss 0.1694, Test Acc 0.9218, Test F1 0.9215
2024-03-26 01:58:40,673 - INFO - Subject 6, Epoch 19: Train Loss 0.1876, Train Acc 0.9253, Train F1 0.9253, Test Loss 0.1398, Test Acc 0.9307, Test F1 0.9305
2024-03-26 01:59:30,431 - INFO - Subject 6, Epoch 20: Train Loss 0.1956, Train Acc 0.9168, Train F1 0.9166, Test Loss 0.1255, Test Acc 0.9469, Test F1 0.9469
2024-03-26 02:00:20,368 - INFO - Subject 6, Epoch 21: Train Loss 0.0941, Train Acc 0.9669, Train F1 0.9669, Test Loss 0.0816, Test Acc 0.9764, Test F1 0.9764
2024-03-26 02:01:10,044 - INFO - Subject 6, Epoch 22: Train Loss 0.1883, Train Acc 0.9227, Train F1 0.9230, Test Loss 0.2085, Test Acc 0.9189, Test F1 0.9186
2024-03-26 02:02:00,012 - INFO - Subject 6, Epoch 23: Train Loss 0.0948, Train Acc 0.9683, Train F1 0.9683, Test Loss 0.0610, Test Acc 0.9956, Test F1 0.9956
2024-03-26 02:02:49,803 - INFO - Subject 6, Epoch 24: Train Loss 0.0738, Train Acc 0.9761, Train F1 0.9761, Test Loss 0.0740, Test Acc 0.9661, Test F1 0.9656
2024-03-26 02:03:39,376 - INFO - Subject 6, Epoch 25: Train Loss 0.0798, Train Acc 0.9728, Train F1 0.9727, Test Loss 0.0521, Test Acc 0.9882, Test F1 0.9882
2024-03-26 02:04:29,161 - INFO - Subject 6, Epoch 26: Train Loss 0.0579, Train Acc 0.9834, Train F1 0.9834, Test Loss 0.0374, Test Acc 0.9956, Test F1 0.9956
2024-03-26 02:05:19,399 - INFO - Subject 6, Epoch 27: Train Loss 0.0456, Train Acc 0.9875, Train F1 0.9875, Test Loss 0.0347, Test Acc 0.9956, Test F1 0.9956
2024-03-26 02:06:09,025 - INFO - Subject 6, Epoch 28: Train Loss 0.0452, Train Acc 0.9875, Train F1 0.9875, Test Loss 0.0760, Test Acc 0.9602, Test F1 0.9600
2024-03-26 02:06:58,850 - INFO - Subject 6, Epoch 29: Train Loss 0.0446, Train Acc 0.9871, Train F1 0.9871, Test Loss 0.0266, Test Acc 0.9985, Test F1 0.9985
2024-03-26 02:07:48,705 - INFO - Subject 6, Epoch 30: Train Loss 0.0990, Train Acc 0.9588, Train F1 0.9588, Test Loss 0.0481, Test Acc 0.9897, Test F1 0.9897
2024-03-26 02:08:38,372 - INFO - Subject 6, Epoch 31: Train Loss 0.0304, Train Acc 0.9959, Train F1 0.9959, Test Loss 0.0251, Test Acc 0.9956, Test F1 0.9956
2024-03-26 02:09:27,992 - INFO - Subject 6, Epoch 32: Train Loss 0.0324, Train Acc 0.9930, Train F1 0.9930, Test Loss 0.0269, Test Acc 0.9941, Test F1 0.9941
2024-03-26 02:10:17,698 - INFO - Subject 6, Epoch 33: Train Loss 0.0358, Train Acc 0.9908, Train F1 0.9908, Test Loss 0.0211, Test Acc 1.0000, Test F1 1.0000
2024-03-26 02:11:07,471 - INFO - Subject 6, Epoch 34: Train Loss 0.0231, Train Acc 0.9978, Train F1 0.9978, Test Loss 0.0234, Test Acc 1.0000, Test F1 1.0000
2024-03-26 02:11:57,405 - INFO - Subject 6, Epoch 35: Train Loss 0.0267, Train Acc 0.9945, Train F1 0.9945, Test Loss 0.0216, Test Acc 1.0000, Test F1 1.0000
2024-03-26 02:12:47,089 - INFO - Subject 6, Epoch 36: Train Loss 0.0196, Train Acc 0.9985, Train F1 0.9985, Test Loss 0.0193, Test Acc 0.9985, Test F1 0.9985
2024-03-26 02:13:36,776 - INFO - Subject 6, Epoch 37: Train Loss 0.0206, Train Acc 0.9963, Train F1 0.9963, Test Loss 0.0176, Test Acc 1.0000, Test F1 1.0000
2024-03-26 02:14:26,524 - INFO - Subject 6, Epoch 38: Train Loss 0.0184, Train Acc 0.9985, Train F1 0.9985, Test Loss 0.0174, Test Acc 1.0000, Test F1 1.0000
2024-03-26 02:15:16,044 - INFO - Subject 6, Epoch 39: Train Loss 0.0172, Train Acc 0.9989, Train F1 0.9989, Test Loss 0.0154, Test Acc 1.0000, Test F1 1.0000
2024-03-26 02:16:05,604 - INFO - Subject 6, Epoch 40: Train Loss 0.0163, Train Acc 0.9993, Train F1 0.9993, Test Loss 0.0159, Test Acc 1.0000, Test F1 1.0000
2024-03-26 02:16:55,464 - INFO - Subject 6, Epoch 41: Train Loss 0.0159, Train Acc 0.9993, Train F1 0.9993, Test Loss 0.0149, Test Acc 1.0000, Test F1 1.0000
2024-03-26 02:17:47,078 - INFO - Subject 6, Epoch 42: Train Loss 0.0152, Train Acc 1.0000, Train F1 1.0000, Test Loss 0.0151, Test Acc 1.0000, Test F1 1.0000
2024-03-26 02:18:36,940 - INFO - Subject 6, Epoch 43: Train Loss 0.0149, Train Acc 1.0000, Train F1 1.0000, Test Loss 0.0147, Test Acc 1.0000, Test F1 1.0000
2024-03-26 02:19:26,748 - INFO - Subject 6, Epoch 44: Train Loss 0.0147, Train Acc 1.0000, Train F1 1.0000, Test Loss 0.0149, Test Acc 1.0000, Test F1 1.0000
2024-03-26 02:20:16,545 - INFO - Subject 6, Epoch 45: Train Loss 0.0147, Train Acc 1.0000, Train F1 1.0000, Test Loss 0.0146, Test Acc 1.0000, Test F1 1.0000
2024-03-26 02:21:05,829 - INFO - Subject 6, Epoch 46: Train Loss 0.3062, Train Acc 0.8855, Train F1 0.8856, Test Loss 0.2560, Test Acc 0.9041, Test F1 0.9011
2024-03-26 02:21:55,489 - INFO - Subject 6, Epoch 47: Train Loss 0.0920, Train Acc 0.9669, Train F1 0.9668, Test Loss 0.0404, Test Acc 0.9897, Test F1 0.9897
2024-03-26 02:22:45,101 - INFO - Subject 6, Epoch 48: Train Loss 0.0406, Train Acc 0.9908, Train F1 0.9908, Test Loss 0.0209, Test Acc 1.0000, Test F1 1.0000
2024-03-26 02:23:35,015 - INFO - Subject 6, Epoch 49: Train Loss 0.1008, Train Acc 0.9562, Train F1 0.9562, Test Loss 0.0389, Test Acc 0.9897, Test F1 0.9897
2024-03-26 02:24:25,066 - INFO - Subject 6, Epoch 50: Train Loss 0.0307, Train Acc 0.9941, Train F1 0.9941, Test Loss 0.0238, Test Acc 0.9956, Test F1 0.9956
2024-03-26 02:24:25,118 - INFO - Processing Subject 7 with dataset size: 3394
2024-03-26 02:25:15,085 - INFO - Subject 7, Epoch 1: Train Loss 1.1938, Train Acc 0.3476, Train F1 0.3468, Test Loss 1.0882, Test Acc 0.3540, Test F1 0.2257
2024-03-26 02:26:04,427 - INFO - Subject 7, Epoch 2: Train Loss 1.0722, Train Acc 0.3932, Train F1 0.3806, Test Loss 1.0431, Test Acc 0.4425, Test F1 0.3325
2024-03-26 02:26:53,900 - INFO - Subject 7, Epoch 3: Train Loss 1.0341, Train Acc 0.4345, Train F1 0.4156, Test Loss 0.9983, Test Acc 0.6018, Test F1 0.5789
2024-03-26 02:27:43,222 - INFO - Subject 7, Epoch 4: Train Loss 1.0204, Train Acc 0.4514, Train F1 0.4413, Test Loss 0.9870, Test Acc 0.4735, Test F1 0.4156
2024-03-26 02:28:32,473 - INFO - Subject 7, Epoch 5: Train Loss 0.9741, Train Acc 0.5155, Train F1 0.4923, Test Loss 0.9466, Test Acc 0.4351, Test F1 0.3327
2024-03-26 02:29:22,389 - INFO - Subject 7, Epoch 6: Train Loss 0.9335, Train Acc 0.5158, Train F1 0.4884, Test Loss 0.8760, Test Acc 0.6696, Test F1 0.6702
2024-03-26 02:30:11,994 - INFO - Subject 7, Epoch 7: Train Loss 0.8537, Train Acc 0.5976, Train F1 0.5690, Test Loss 0.8560, Test Acc 0.6091, Test F1 0.4801
2024-03-26 02:31:01,352 - INFO - Subject 7, Epoch 8: Train Loss 0.8259, Train Acc 0.5946, Train F1 0.5661, Test Loss 0.7861, Test Acc 0.6667, Test F1 0.6487
2024-03-26 02:31:51,009 - INFO - Subject 7, Epoch 9: Train Loss 0.7638, Train Acc 0.6344, Train F1 0.5985, Test Loss 0.7610, Test Acc 0.6755, Test F1 0.6613
2024-03-26 02:32:40,354 - INFO - Subject 7, Epoch 10: Train Loss 0.7399, Train Acc 0.6432, Train F1 0.6196, Test Loss 0.7280, Test Acc 0.6962, Test F1 0.6785
2024-03-26 02:33:30,077 - INFO - Subject 7, Epoch 11: Train Loss 0.7156, Train Acc 0.6605, Train F1 0.6359, Test Loss 0.7259, Test Acc 0.6239, Test F1 0.5240
2024-03-26 02:34:20,348 - INFO - Subject 7, Epoch 12: Train Loss 0.7108, Train Acc 0.6583, Train F1 0.6380, Test Loss 0.7603, Test Acc 0.5900, Test F1 0.5221
2024-03-26 02:35:10,653 - INFO - Subject 7, Epoch 13: Train Loss 0.6963, Train Acc 0.6694, Train F1 0.6484, Test Loss 0.6992, Test Acc 0.6888, Test F1 0.6805
2024-03-26 02:36:00,347 - INFO - Subject 7, Epoch 14: Train Loss 0.6747, Train Acc 0.6948, Train F1 0.6809, Test Loss 0.6975, Test Acc 0.6917, Test F1 0.6794
2024-03-26 02:36:49,871 - INFO - Subject 7, Epoch 15: Train Loss 0.6712, Train Acc 0.6962, Train F1 0.6827, Test Loss 0.6952, Test Acc 0.6844, Test F1 0.6727
2024-03-26 02:37:39,568 - INFO - Subject 7, Epoch 16: Train Loss 0.7489, Train Acc 0.6274, Train F1 0.6060, Test Loss 0.6987, Test Acc 0.5693, Test F1 0.5734
2024-03-26 02:38:29,003 - INFO - Subject 7, Epoch 17: Train Loss 0.7130, Train Acc 0.6377, Train F1 0.6168, Test Loss 0.7465, Test Acc 0.6681, Test F1 0.6620
2024-03-26 02:39:18,581 - INFO - Subject 7, Epoch 18: Train Loss 0.7168, Train Acc 0.6480, Train F1 0.6242, Test Loss 0.6458, Test Acc 0.7021, Test F1 0.6961
2024-03-26 02:40:08,291 - INFO - Subject 7, Epoch 19: Train Loss 0.7240, Train Acc 0.6499, Train F1 0.6263, Test Loss 0.6484, Test Acc 0.6917, Test F1 0.6938
2024-03-26 02:40:57,817 - INFO - Subject 7, Epoch 20: Train Loss 0.6897, Train Acc 0.6554, Train F1 0.6383, Test Loss 0.6918, Test Acc 0.6342, Test F1 0.5017
2024-03-26 02:41:47,442 - INFO - Subject 7, Epoch 21: Train Loss 0.6738, Train Acc 0.6727, Train F1 0.6518, Test Loss 0.6285, Test Acc 0.7094, Test F1 0.6961
2024-03-26 02:42:37,164 - INFO - Subject 7, Epoch 22: Train Loss 0.6211, Train Acc 0.7161, Train F1 0.7012, Test Loss 0.6562, Test Acc 0.7286, Test F1 0.6834
2024-03-26 02:43:27,112 - INFO - Subject 7, Epoch 23: Train Loss 0.6668, Train Acc 0.6778, Train F1 0.6603, Test Loss 0.8681, Test Acc 0.5678, Test F1 0.4486
2024-03-26 02:44:17,103 - INFO - Subject 7, Epoch 24: Train Loss 0.6414, Train Acc 0.6896, Train F1 0.6720, Test Loss 0.6104, Test Acc 0.6667, Test F1 0.6743
2024-03-26 02:45:07,295 - INFO - Subject 7, Epoch 25: Train Loss 0.6062, Train Acc 0.7073, Train F1 0.6961, Test Loss 0.7391, Test Acc 0.6593, Test F1 0.6127
2024-03-26 02:45:57,096 - INFO - Subject 7, Epoch 26: Train Loss 0.6397, Train Acc 0.6929, Train F1 0.6753, Test Loss 0.5793, Test Acc 0.7006, Test F1 0.7036
2024-03-26 02:46:47,081 - INFO - Subject 7, Epoch 27: Train Loss 0.5773, Train Acc 0.7397, Train F1 0.7287, Test Loss 0.6081, Test Acc 0.7080, Test F1 0.7089
2024-03-26 02:47:36,732 - INFO - Subject 7, Epoch 28: Train Loss 0.5701, Train Acc 0.7356, Train F1 0.7241, Test Loss 0.6597, Test Acc 0.6268, Test F1 0.5557
2024-03-26 02:48:26,223 - INFO - Subject 7, Epoch 29: Train Loss 0.5497, Train Acc 0.7397, Train F1 0.7272, Test Loss 0.5770, Test Acc 0.7389, Test F1 0.7007
2024-03-26 02:49:15,773 - INFO - Subject 7, Epoch 30: Train Loss 0.5293, Train Acc 0.7548, Train F1 0.7453, Test Loss 0.5230, Test Acc 0.7773, Test F1 0.7642
2024-03-26 02:50:05,306 - INFO - Subject 7, Epoch 31: Train Loss 0.5836, Train Acc 0.7213, Train F1 0.7083, Test Loss 0.6111, Test Acc 0.6696, Test F1 0.6047
2024-03-26 02:50:54,938 - INFO - Subject 7, Epoch 32: Train Loss 0.5297, Train Acc 0.7434, Train F1 0.7309, Test Loss 0.5435, Test Acc 0.7773, Test F1 0.7699
2024-03-26 02:51:44,684 - INFO - Subject 7, Epoch 33: Train Loss 0.4998, Train Acc 0.7721, Train F1 0.7605, Test Loss 0.4842, Test Acc 0.7743, Test F1 0.7692
2024-03-26 02:52:34,230 - INFO - Subject 7, Epoch 34: Train Loss 0.4583, Train Acc 0.7986, Train F1 0.7921, Test Loss 0.5100, Test Acc 0.7758, Test F1 0.7581
2024-03-26 02:53:24,033 - INFO - Subject 7, Epoch 35: Train Loss 0.4495, Train Acc 0.7946, Train F1 0.7879, Test Loss 0.4760, Test Acc 0.7965, Test F1 0.7922
2024-03-26 02:54:13,193 - INFO - Subject 7, Epoch 36: Train Loss 0.4352, Train Acc 0.8023, Train F1 0.7947, Test Loss 0.4937, Test Acc 0.7714, Test F1 0.7728
2024-03-26 02:55:02,967 - INFO - Subject 7, Epoch 37: Train Loss 0.4236, Train Acc 0.8189, Train F1 0.8137, Test Loss 0.4425, Test Acc 0.8112, Test F1 0.8089
2024-03-26 02:55:52,215 - INFO - Subject 7, Epoch 38: Train Loss 0.4025, Train Acc 0.8303, Train F1 0.8267, Test Loss 0.4404, Test Acc 0.8230, Test F1 0.8170
2024-03-26 02:56:41,707 - INFO - Subject 7, Epoch 39: Train Loss 0.4074, Train Acc 0.8321, Train F1 0.8279, Test Loss 0.4228, Test Acc 0.8171, Test F1 0.8137
2024-03-26 02:57:31,175 - INFO - Subject 7, Epoch 40: Train Loss 0.3885, Train Acc 0.8420, Train F1 0.8386, Test Loss 0.4427, Test Acc 0.8260, Test F1 0.8205
2024-03-26 02:58:20,630 - INFO - Subject 7, Epoch 41: Train Loss 0.3828, Train Acc 0.8468, Train F1 0.8440, Test Loss 0.4077, Test Acc 0.8481, Test F1 0.8479
2024-03-26 02:59:10,293 - INFO - Subject 7, Epoch 42: Train Loss 0.3728, Train Acc 0.8483, Train F1 0.8464, Test Loss 0.4119, Test Acc 0.8304, Test F1 0.8256
2024-03-26 02:59:59,658 - INFO - Subject 7, Epoch 43: Train Loss 0.3672, Train Acc 0.8564, Train F1 0.8539, Test Loss 0.4083, Test Acc 0.8348, Test F1 0.8325
2024-03-26 03:00:49,359 - INFO - Subject 7, Epoch 44: Train Loss 0.3650, Train Acc 0.8564, Train F1 0.8544, Test Loss 0.4038, Test Acc 0.8451, Test F1 0.8446
2024-03-26 03:01:39,087 - INFO - Subject 7, Epoch 45: Train Loss 0.3629, Train Acc 0.8630, Train F1 0.8619, Test Loss 0.4039, Test Acc 0.8422, Test F1 0.8411
2024-03-26 03:02:28,594 - INFO - Subject 7, Epoch 46: Train Loss 0.5529, Train Acc 0.7283, Train F1 0.7225, Test Loss 0.5306, Test Acc 0.7301, Test F1 0.6999
2024-03-26 03:03:18,232 - INFO - Subject 7, Epoch 47: Train Loss 0.6960, Train Acc 0.6683, Train F1 0.6560, Test Loss 0.6566, Test Acc 0.6844, Test F1 0.6773
2024-03-26 03:04:07,855 - INFO - Subject 7, Epoch 48: Train Loss 0.5359, Train Acc 0.7585, Train F1 0.7445, Test Loss 0.4483, Test Acc 0.8038, Test F1 0.7994
2024-03-26 03:04:57,566 - INFO - Subject 7, Epoch 49: Train Loss 0.4945, Train Acc 0.7703, Train F1 0.7626, Test Loss 0.4854, Test Acc 0.7507, Test F1 0.7381
2024-03-26 03:05:47,382 - INFO - Subject 7, Epoch 50: Train Loss 0.5211, Train Acc 0.7445, Train F1 0.7343, Test Loss 0.5452, Test Acc 0.7345, Test F1 0.7401
2024-03-26 03:05:47,388 - INFO - Processing Subject 8 with dataset size: 3394
2024-03-26 03:06:36,994 - INFO - Subject 8, Epoch 1: Train Loss 1.0118, Train Acc 0.4956, Train F1 0.4868, Test Loss 0.9283, Test Acc 0.4587, Test F1 0.3971
2024-03-26 03:07:26,696 - INFO - Subject 8, Epoch 2: Train Loss 0.7239, Train Acc 0.6432, Train F1 0.6332, Test Loss 0.9875, Test Acc 0.5118, Test F1 0.4146
2024-03-26 03:08:16,300 - INFO - Subject 8, Epoch 3: Train Loss 0.6685, Train Acc 0.6730, Train F1 0.6659, Test Loss 0.6959, Test Acc 0.6386, Test F1 0.6262
2024-03-26 03:09:05,735 - INFO - Subject 8, Epoch 4: Train Loss 0.5992, Train Acc 0.7202, Train F1 0.7153, Test Loss 0.8398, Test Acc 0.6224, Test F1 0.6004
2024-03-26 03:09:55,607 - INFO - Subject 8, Epoch 5: Train Loss 0.5882, Train Acc 0.7246, Train F1 0.7170, Test Loss 0.6476, Test Acc 0.7463, Test F1 0.7360
2024-03-26 03:10:45,137 - INFO - Subject 8, Epoch 6: Train Loss 0.5637, Train Acc 0.7441, Train F1 0.7374, Test Loss 0.6503, Test Acc 0.6991, Test F1 0.6887
2024-03-26 03:11:34,946 - INFO - Subject 8, Epoch 7: Train Loss 0.5406, Train Acc 0.7566, Train F1 0.7503, Test Loss 0.5813, Test Acc 0.7920, Test F1 0.7829
2024-03-26 03:12:24,497 - INFO - Subject 8, Epoch 8: Train Loss 0.5322, Train Acc 0.7644, Train F1 0.7585, Test Loss 0.6052, Test Acc 0.7773, Test F1 0.7662
2024-03-26 03:13:14,119 - INFO - Subject 8, Epoch 9: Train Loss 0.5234, Train Acc 0.7636, Train F1 0.7558, Test Loss 0.5671, Test Acc 0.7994, Test F1 0.7880
2024-03-26 03:14:03,906 - INFO - Subject 8, Epoch 10: Train Loss 0.5050, Train Acc 0.7739, Train F1 0.7675, Test Loss 0.5483, Test Acc 0.7965, Test F1 0.7873
2024-03-26 03:14:53,439 - INFO - Subject 8, Epoch 11: Train Loss 0.4883, Train Acc 0.7846, Train F1 0.7783, Test Loss 0.5597, Test Acc 0.7714, Test F1 0.7645
2024-03-26 03:15:43,043 - INFO - Subject 8, Epoch 12: Train Loss 0.4721, Train Acc 0.7946, Train F1 0.7873, Test Loss 0.6604, Test Acc 0.6785, Test F1 0.6683
2024-03-26 03:16:34,906 - INFO - Subject 8, Epoch 13: Train Loss 0.4771, Train Acc 0.7923, Train F1 0.7852, Test Loss 0.5400, Test Acc 0.7979, Test F1 0.7891
2024-03-26 03:17:24,775 - INFO - Subject 8, Epoch 14: Train Loss 0.4596, Train Acc 0.7971, Train F1 0.7905, Test Loss 0.5109, Test Acc 0.8038, Test F1 0.7967
2024-03-26 03:18:15,062 - INFO - Subject 8, Epoch 15: Train Loss 0.4580, Train Acc 0.7934, Train F1 0.7874, Test Loss 0.5217, Test Acc 0.8009, Test F1 0.7917
2024-03-26 03:19:04,927 - INFO - Subject 8, Epoch 16: Train Loss 0.5581, Train Acc 0.7390, Train F1 0.7322, Test Loss 0.5124, Test Acc 0.8068, Test F1 0.7991
2024-03-26 03:19:54,874 - INFO - Subject 8, Epoch 17: Train Loss 0.5120, Train Acc 0.7640, Train F1 0.7580, Test Loss 0.5113, Test Acc 0.7316, Test F1 0.7342
2024-03-26 03:20:44,653 - INFO - Subject 8, Epoch 18: Train Loss 0.5344, Train Acc 0.7448, Train F1 0.7385, Test Loss 0.4859, Test Acc 0.7994, Test F1 0.7931
2024-03-26 03:21:34,100 - INFO - Subject 8, Epoch 19: Train Loss 0.4809, Train Acc 0.7787, Train F1 0.7709, Test Loss 0.4493, Test Acc 0.8186, Test F1 0.8136
2024-03-26 03:22:23,838 - INFO - Subject 8, Epoch 20: Train Loss 0.4622, Train Acc 0.7883, Train F1 0.7828, Test Loss 0.4976, Test Acc 0.8201, Test F1 0.8062
2024-03-26 03:23:13,617 - INFO - Subject 8, Epoch 21: Train Loss 0.4330, Train Acc 0.7957, Train F1 0.7885, Test Loss 0.3844, Test Acc 0.8245, Test F1 0.8258
2024-03-26 03:24:03,266 - INFO - Subject 8, Epoch 22: Train Loss 0.4136, Train Acc 0.8096, Train F1 0.8058, Test Loss 0.4751, Test Acc 0.8201, Test F1 0.8100
2024-03-26 03:24:52,875 - INFO - Subject 8, Epoch 23: Train Loss 0.3743, Train Acc 0.8303, Train F1 0.8272, Test Loss 0.3326, Test Acc 0.8569, Test F1 0.8541
2024-03-26 03:25:42,553 - INFO - Subject 8, Epoch 24: Train Loss 0.4251, Train Acc 0.8078, Train F1 0.8021, Test Loss 0.4021, Test Acc 0.8245, Test F1 0.8214
2024-03-26 03:26:32,168 - INFO - Subject 8, Epoch 25: Train Loss 0.3367, Train Acc 0.8465, Train F1 0.8438, Test Loss 0.3512, Test Acc 0.8658, Test F1 0.8603
2024-03-26 03:27:21,925 - INFO - Subject 8, Epoch 26: Train Loss 0.3778, Train Acc 0.8236, Train F1 0.8206, Test Loss 0.3091, Test Acc 0.8864, Test F1 0.8843
2024-03-26 03:28:11,721 - INFO - Subject 8, Epoch 27: Train Loss 0.3110, Train Acc 0.8579, Train F1 0.8538, Test Loss 0.3292, Test Acc 0.8451, Test F1 0.8413
2024-03-26 03:29:00,875 - INFO - Subject 8, Epoch 28: Train Loss 0.3001, Train Acc 0.8601, Train F1 0.8578, Test Loss 0.2921, Test Acc 0.8776, Test F1 0.8767
2024-03-26 03:29:51,147 - INFO - Subject 8, Epoch 29: Train Loss 0.2669, Train Acc 0.8741, Train F1 0.8725, Test Loss 0.3120, Test Acc 0.8215, Test F1 0.8084
2024-03-26 03:30:41,064 - INFO - Subject 8, Epoch 30: Train Loss 0.2575, Train Acc 0.8851, Train F1 0.8835, Test Loss 0.3046, Test Acc 0.9204, Test F1 0.9204
2024-03-26 03:31:30,721 - INFO - Subject 8, Epoch 31: Train Loss 0.2489, Train Acc 0.8884, Train F1 0.8878, Test Loss 0.2059, Test Acc 0.9410, Test F1 0.9409
2024-03-26 03:32:20,566 - INFO - Subject 8, Epoch 32: Train Loss 0.2668, Train Acc 0.8803, Train F1 0.8801, Test Loss 0.2152, Test Acc 0.8835, Test F1 0.8815
2024-03-26 03:33:09,967 - INFO - Subject 8, Epoch 33: Train Loss 0.2217, Train Acc 0.9091, Train F1 0.9086, Test Loss 0.3326, Test Acc 0.8451, Test F1 0.8399
2024-03-26 03:33:59,787 - INFO - Subject 8, Epoch 34: Train Loss 0.1888, Train Acc 0.9238, Train F1 0.9235, Test Loss 0.1835, Test Acc 0.9823, Test F1 0.9823
2024-03-26 03:34:49,433 - INFO - Subject 8, Epoch 35: Train Loss 0.1823, Train Acc 0.9230, Train F1 0.9228, Test Loss 0.1642, Test Acc 0.9617, Test F1 0.9616
2024-03-26 03:35:39,369 - INFO - Subject 8, Epoch 36: Train Loss 0.1666, Train Acc 0.9440, Train F1 0.9440, Test Loss 0.1434, Test Acc 0.9823, Test F1 0.9823
2024-03-26 03:36:29,039 - INFO - Subject 8, Epoch 37: Train Loss 0.1537, Train Acc 0.9507, Train F1 0.9507, Test Loss 0.1614, Test Acc 0.8923, Test F1 0.8902
2024-03-26 03:37:18,659 - INFO - Subject 8, Epoch 38: Train Loss 0.1318, Train Acc 0.9783, Train F1 0.9783, Test Loss 0.1335, Test Acc 0.9366, Test F1 0.9363
2024-03-26 03:38:08,294 - INFO - Subject 8, Epoch 39: Train Loss 0.1264, Train Acc 0.9812, Train F1 0.9812, Test Loss 0.1172, Test Acc 0.9912, Test F1 0.9912
2024-03-26 03:38:57,657 - INFO - Subject 8, Epoch 40: Train Loss 0.1272, Train Acc 0.9702, Train F1 0.9702, Test Loss 0.1532, Test Acc 0.9012, Test F1 0.8998
2024-03-26 03:39:47,639 - INFO - Subject 8, Epoch 41: Train Loss 0.1215, Train Acc 0.9783, Train F1 0.9783, Test Loss 0.1110, Test Acc 0.9941, Test F1 0.9941
2024-03-26 03:40:37,157 - INFO - Subject 8, Epoch 42: Train Loss 0.1153, Train Acc 0.9838, Train F1 0.9838, Test Loss 0.1109, Test Acc 0.9764, Test F1 0.9764
2024-03-26 03:41:26,825 - INFO - Subject 8, Epoch 43: Train Loss 0.1107, Train Acc 0.9882, Train F1 0.9882, Test Loss 0.1114, Test Acc 0.9720, Test F1 0.9720
2024-03-26 03:42:16,373 - INFO - Subject 8, Epoch 44: Train Loss 0.1098, Train Acc 0.9871, Train F1 0.9871, Test Loss 0.1077, Test Acc 0.9853, Test F1 0.9853
2024-03-26 03:43:06,083 - INFO - Subject 8, Epoch 45: Train Loss 0.1089, Train Acc 0.9890, Train F1 0.9890, Test Loss 0.1064, Test Acc 0.9867, Test F1 0.9867
2024-03-26 03:43:55,546 - INFO - Subject 8, Epoch 46: Train Loss 0.3304, Train Acc 0.8450, Train F1 0.8447, Test Loss 0.2277, Test Acc 0.8761, Test F1 0.8764
2024-03-26 03:44:45,150 - INFO - Subject 8, Epoch 47: Train Loss 0.2300, Train Acc 0.9035, Train F1 0.9036, Test Loss 0.2288, Test Acc 0.8481, Test F1 0.8424
2024-03-26 03:45:34,953 - INFO - Subject 8, Epoch 48: Train Loss 0.1923, Train Acc 0.9146, Train F1 0.9146, Test Loss 0.2246, Test Acc 0.9204, Test F1 0.9201
2024-03-26 03:46:24,857 - INFO - Subject 8, Epoch 49: Train Loss 0.2072, Train Acc 0.9087, Train F1 0.9087, Test Loss 0.1881, Test Acc 0.9233, Test F1 0.9229
2024-03-26 03:47:14,601 - INFO - Subject 8, Epoch 50: Train Loss 0.3957, Train Acc 0.8369, Train F1 0.8364, Test Loss 0.2017, Test Acc 0.9248, Test F1 0.9243
2024-03-26 03:47:14,659 - INFO - Processing Subject 9 with dataset size: 3394
2024-03-26 03:48:04,660 - INFO - Subject 9, Epoch 1: Train Loss 0.9025, Train Acc 0.5692, Train F1 0.5711, Test Loss 0.7353, Test Acc 0.6357, Test F1 0.5134
2024-03-26 03:48:54,544 - INFO - Subject 9, Epoch 2: Train Loss 0.6046, Train Acc 0.6804, Train F1 0.6858, Test Loss 0.6369, Test Acc 0.6549, Test F1 0.5589
2024-03-26 03:49:44,369 - INFO - Subject 9, Epoch 3: Train Loss 0.5147, Train Acc 0.7032, Train F1 0.7063, Test Loss 0.5133, Test Acc 0.6593, Test F1 0.5527
2024-03-26 03:50:34,198 - INFO - Subject 9, Epoch 4: Train Loss 0.4970, Train Acc 0.7353, Train F1 0.7379, Test Loss 0.4967, Test Acc 0.7935, Test F1 0.7965
2024-03-26 03:51:23,811 - INFO - Subject 9, Epoch 5: Train Loss 0.4730, Train Acc 0.7541, Train F1 0.7557, Test Loss 0.4777, Test Acc 0.8186, Test F1 0.8140
2024-03-26 03:52:13,649 - INFO - Subject 9, Epoch 6: Train Loss 0.4683, Train Acc 0.7717, Train F1 0.7731, Test Loss 0.4877, Test Acc 0.7920, Test F1 0.7809
2024-03-26 03:53:03,194 - INFO - Subject 9, Epoch 7: Train Loss 0.4357, Train Acc 0.7795, Train F1 0.7807, Test Loss 0.4882, Test Acc 0.7448, Test F1 0.7406
2024-03-26 03:53:52,813 - INFO - Subject 9, Epoch 8: Train Loss 0.4275, Train Acc 0.7865, Train F1 0.7873, Test Loss 0.4382, Test Acc 0.8392, Test F1 0.8383
2024-03-26 03:54:42,332 - INFO - Subject 9, Epoch 9: Train Loss 0.4270, Train Acc 0.7883, Train F1 0.7892, Test Loss 0.4084, Test Acc 0.8378, Test F1 0.8387
2024-03-26 03:55:32,098 - INFO - Subject 9, Epoch 10: Train Loss 0.3743, Train Acc 0.8450, Train F1 0.8449, Test Loss 0.4198, Test Acc 0.8599, Test F1 0.8602
2024-03-26 03:56:21,881 - INFO - Subject 9, Epoch 11: Train Loss 0.3716, Train Acc 0.8277, Train F1 0.8278, Test Loss 0.4011, Test Acc 0.8732, Test F1 0.8727
2024-03-26 03:57:11,756 - INFO - Subject 9, Epoch 12: Train Loss 0.3491, Train Acc 0.8450, Train F1 0.8455, Test Loss 0.3967, Test Acc 0.7920, Test F1 0.7786
2024-03-26 03:58:01,680 - INFO - Subject 9, Epoch 13: Train Loss 0.3399, Train Acc 0.8531, Train F1 0.8539, Test Loss 0.4230, Test Acc 0.8230, Test F1 0.8173
2024-03-26 03:58:51,456 - INFO - Subject 9, Epoch 14: Train Loss 0.3327, Train Acc 0.8641, Train F1 0.8647, Test Loss 0.3735, Test Acc 0.8540, Test F1 0.8545
2024-03-26 03:59:41,562 - INFO - Subject 9, Epoch 15: Train Loss 0.3263, Train Acc 0.8715, Train F1 0.8721, Test Loss 0.3785, Test Acc 0.8555, Test F1 0.8560
2024-03-26 04:00:31,337 - INFO - Subject 9, Epoch 16: Train Loss 0.4788, Train Acc 0.7544, Train F1 0.7547, Test Loss 0.4683, Test Acc 0.7935, Test F1 0.7869
2024-03-26 04:01:20,952 - INFO - Subject 9, Epoch 17: Train Loss 0.4050, Train Acc 0.8067, Train F1 0.8070, Test Loss 0.7123, Test Acc 0.7758, Test F1 0.7687
2024-03-26 04:02:10,746 - INFO - Subject 9, Epoch 18: Train Loss 0.3874, Train Acc 0.8189, Train F1 0.8188, Test Loss 0.4759, Test Acc 0.7507, Test F1 0.7288
2024-03-26 04:03:00,369 - INFO - Subject 9, Epoch 19: Train Loss 0.3501, Train Acc 0.8413, Train F1 0.8417, Test Loss 0.3665, Test Acc 0.8038, Test F1 0.7923
2024-03-26 04:03:50,485 - INFO - Subject 9, Epoch 20: Train Loss 0.3154, Train Acc 0.8601, Train F1 0.8604, Test Loss 0.3261, Test Acc 0.8968, Test F1 0.8973
2024-03-26 04:04:40,517 - INFO - Subject 9, Epoch 21: Train Loss 0.3291, Train Acc 0.8457, Train F1 0.8461, Test Loss 0.3161, Test Acc 0.8791, Test F1 0.8772
2024-03-26 04:05:30,461 - INFO - Subject 9, Epoch 22: Train Loss 0.2971, Train Acc 0.8660, Train F1 0.8665, Test Loss 0.2919, Test Acc 0.9115, Test F1 0.9111
2024-03-26 04:06:20,044 - INFO - Subject 9, Epoch 23: Train Loss 0.2903, Train Acc 0.8730, Train F1 0.8732, Test Loss 0.3113, Test Acc 0.9145, Test F1 0.9148
2024-03-26 04:07:09,843 - INFO - Subject 9, Epoch 24: Train Loss 0.3047, Train Acc 0.8678, Train F1 0.8682, Test Loss 0.4368, Test Acc 0.7979, Test F1 0.7882
2024-03-26 04:07:59,668 - INFO - Subject 9, Epoch 25: Train Loss 0.2522, Train Acc 0.8965, Train F1 0.8968, Test Loss 0.2651, Test Acc 0.9100, Test F1 0.9102
2024-03-26 04:08:49,678 - INFO - Subject 9, Epoch 26: Train Loss 0.2370, Train Acc 0.9046, Train F1 0.9048, Test Loss 0.2738, Test Acc 0.8776, Test F1 0.8736
2024-03-26 04:09:39,595 - INFO - Subject 9, Epoch 27: Train Loss 0.2292, Train Acc 0.9113, Train F1 0.9115, Test Loss 0.2468, Test Acc 0.9248, Test F1 0.9249
2024-03-26 04:10:29,277 - INFO - Subject 9, Epoch 28: Train Loss 0.2286, Train Acc 0.9050, Train F1 0.9051, Test Loss 0.2649, Test Acc 0.8879, Test F1 0.8883
2024-03-26 04:11:18,883 - INFO - Subject 9, Epoch 29: Train Loss 0.2230, Train Acc 0.9080, Train F1 0.9084, Test Loss 0.2389, Test Acc 0.9307, Test F1 0.9309
2024-03-26 04:12:08,770 - INFO - Subject 9, Epoch 30: Train Loss 0.2016, Train Acc 0.9190, Train F1 0.9191, Test Loss 0.2278, Test Acc 0.9336, Test F1 0.9338
2024-03-26 04:12:58,407 - INFO - Subject 9, Epoch 31: Train Loss 0.2316, Train Acc 0.9006, Train F1 0.9009, Test Loss 0.2415, Test Acc 0.9189, Test F1 0.9181
2024-03-26 04:13:48,204 - INFO - Subject 9, Epoch 32: Train Loss 0.1721, Train Acc 0.9381, Train F1 0.9382, Test Loss 0.2576, Test Acc 0.9277, Test F1 0.9278
2024-03-26 04:14:37,971 - INFO - Subject 9, Epoch 33: Train Loss 0.1696, Train Acc 0.9374, Train F1 0.9375, Test Loss 0.1842, Test Acc 0.9277, Test F1 0.9272
2024-03-26 04:15:27,890 - INFO - Subject 9, Epoch 34: Train Loss 0.1633, Train Acc 0.9385, Train F1 0.9386, Test Loss 0.1760, Test Acc 0.9469, Test F1 0.9468
2024-03-26 04:16:17,520 - INFO - Subject 9, Epoch 35: Train Loss 0.1537, Train Acc 0.9385, Train F1 0.9387, Test Loss 0.1730, Test Acc 0.9454, Test F1 0.9454
2024-03-26 04:17:07,128 - INFO - Subject 9, Epoch 36: Train Loss 0.1447, Train Acc 0.9448, Train F1 0.9448, Test Loss 0.1683, Test Acc 0.9277, Test F1 0.9270
2024-03-26 04:17:58,691 - INFO - Subject 9, Epoch 37: Train Loss 0.1339, Train Acc 0.9525, Train F1 0.9526, Test Loss 0.1538, Test Acc 0.9425, Test F1 0.9422
2024-03-26 04:18:48,592 - INFO - Subject 9, Epoch 38: Train Loss 0.1361, Train Acc 0.9485, Train F1 0.9485, Test Loss 0.1484, Test Acc 0.9469, Test F1 0.9468
2024-03-26 04:19:38,474 - INFO - Subject 9, Epoch 39: Train Loss 0.1276, Train Acc 0.9529, Train F1 0.9529, Test Loss 0.1438, Test Acc 0.9425, Test F1 0.9422
2024-03-26 04:20:28,288 - INFO - Subject 9, Epoch 40: Train Loss 0.1240, Train Acc 0.9577, Train F1 0.9577, Test Loss 0.1422, Test Acc 0.9469, Test F1 0.9467
2024-03-26 04:21:18,066 - INFO - Subject 9, Epoch 41: Train Loss 0.1198, Train Acc 0.9569, Train F1 0.9569, Test Loss 0.1450, Test Acc 0.9602, Test F1 0.9602
2024-03-26 04:22:07,881 - INFO - Subject 9, Epoch 42: Train Loss 0.1188, Train Acc 0.9584, Train F1 0.9584, Test Loss 0.1445, Test Acc 0.9602, Test F1 0.9602
2024-03-26 04:22:57,739 - INFO - Subject 9, Epoch 43: Train Loss 0.1166, Train Acc 0.9591, Train F1 0.9591, Test Loss 0.1424, Test Acc 0.9602, Test F1 0.9602
2024-03-26 04:23:49,089 - INFO - Subject 9, Epoch 44: Train Loss 0.1157, Train Acc 0.9595, Train F1 0.9595, Test Loss 0.1394, Test Acc 0.9558, Test F1 0.9557
2024-03-26 04:24:47,430 - INFO - Subject 9, Epoch 45: Train Loss 0.1152, Train Acc 0.9610, Train F1 0.9610, Test Loss 0.1375, Test Acc 0.9558, Test F1 0.9557
2024-03-26 04:25:44,884 - INFO - Subject 9, Epoch 46: Train Loss 0.1975, Train Acc 0.9153, Train F1 0.9155, Test Loss 0.2604, Test Acc 0.8658, Test F1 0.8640
2024-03-26 04:26:44,646 - INFO - Subject 9, Epoch 47: Train Loss 0.2726, Train Acc 0.8807, Train F1 0.8807, Test Loss 0.1684, Test Acc 0.9440, Test F1 0.9440
2024-03-26 04:27:41,782 - INFO - Subject 9, Epoch 48: Train Loss 0.1512, Train Acc 0.9407, Train F1 0.9408, Test Loss 0.1266, Test Acc 0.9381, Test F1 0.9380
2024-03-26 04:28:31,535 - INFO - Subject 9, Epoch 49: Train Loss 0.1444, Train Acc 0.9440, Train F1 0.9441, Test Loss 0.1134, Test Acc 0.9513, Test F1 0.9511
2024-03-26 04:29:21,678 - INFO - Subject 9, Epoch 50: Train Loss 0.1188, Train Acc 0.9525, Train F1 0.9527, Test Loss 0.1630, Test Acc 0.9204, Test F1 0.9189
2024-03-26 04:29:21,737 - INFO - Processing Subject 10 with dataset size: 3394
2024-03-26 04:30:11,650 - INFO - Subject 10, Epoch 1: Train Loss 1.1556, Train Acc 0.3465, Train F1 0.3465, Test Loss 1.0790, Test Acc 0.3496, Test F1 0.1811
2024-03-26 04:31:01,744 - INFO - Subject 10, Epoch 2: Train Loss 1.1004, Train Acc 0.3586, Train F1 0.3552, Test Loss 1.0753, Test Acc 0.3496, Test F1 0.1811
2024-03-26 04:31:51,935 - INFO - Subject 10, Epoch 3: Train Loss 1.0871, Train Acc 0.3825, Train F1 0.3797, Test Loss 1.0665, Test Acc 0.3953, Test F1 0.2848
2024-03-26 04:32:41,225 - INFO - Subject 10, Epoch 4: Train Loss 1.0616, Train Acc 0.4558, Train F1 0.4526, Test Loss 1.0691, Test Acc 0.3245, Test F1 0.1590
2024-03-26 04:33:30,972 - INFO - Subject 10, Epoch 5: Train Loss 1.0245, Train Acc 0.4812, Train F1 0.4736, Test Loss 0.9984, Test Acc 0.4749, Test F1 0.4038
2024-03-26 04:34:20,916 - INFO - Subject 10, Epoch 6: Train Loss 0.9114, Train Acc 0.5781, Train F1 0.5719, Test Loss 0.8118, Test Acc 0.6726, Test F1 0.6761
2024-03-26 04:35:11,130 - INFO - Subject 10, Epoch 7: Train Loss 0.7726, Train Acc 0.6557, Train F1 0.6524, Test Loss 0.7460, Test Acc 0.7316, Test F1 0.7250
2024-03-26 04:36:00,985 - INFO - Subject 10, Epoch 8: Train Loss 0.6826, Train Acc 0.6955, Train F1 0.6927, Test Loss 0.6343, Test Acc 0.7522, Test F1 0.7431
2024-03-26 04:36:50,722 - INFO - Subject 10, Epoch 9: Train Loss 0.6705, Train Acc 0.6992, Train F1 0.6961, Test Loss 0.6959, Test Acc 0.6667, Test F1 0.6482
2024-03-26 04:37:40,724 - INFO - Subject 10, Epoch 10: Train Loss 0.6272, Train Acc 0.7121, Train F1 0.7083, Test Loss 0.5580, Test Acc 0.7389, Test F1 0.7460
2024-03-26 04:38:30,272 - INFO - Subject 10, Epoch 11: Train Loss 0.5621, Train Acc 0.7478, Train F1 0.7423, Test Loss 0.5209, Test Acc 0.7625, Test F1 0.7667
2024-03-26 04:39:20,162 - INFO - Subject 10, Epoch 12: Train Loss 0.5437, Train Acc 0.7529, Train F1 0.7451, Test Loss 0.5290, Test Acc 0.7891, Test F1 0.7930
2024-03-26 04:40:10,302 - INFO - Subject 10, Epoch 13: Train Loss 0.5327, Train Acc 0.7563, Train F1 0.7496, Test Loss 0.5018, Test Acc 0.7817, Test F1 0.7704
2024-03-26 04:41:00,055 - INFO - Subject 10, Epoch 14: Train Loss 0.5230, Train Acc 0.7695, Train F1 0.7595, Test Loss 0.4979, Test Acc 0.7965, Test F1 0.7851
2024-03-26 04:41:50,013 - INFO - Subject 10, Epoch 15: Train Loss 0.5178, Train Acc 0.7813, Train F1 0.7695, Test Loss 0.4935, Test Acc 0.7743, Test F1 0.7643
2024-03-26 04:42:39,774 - INFO - Subject 10, Epoch 16: Train Loss 0.7268, Train Acc 0.6668, Train F1 0.6636, Test Loss 0.5459, Test Acc 0.7847, Test F1 0.7867
2024-03-26 04:43:30,030 - INFO - Subject 10, Epoch 17: Train Loss 0.5682, Train Acc 0.7356, Train F1 0.7313, Test Loss 0.4399, Test Acc 0.8127, Test F1 0.8063
2024-03-26 04:44:19,825 - INFO - Subject 10, Epoch 18: Train Loss 0.5240, Train Acc 0.7526, Train F1 0.7486, Test Loss 0.4807, Test Acc 0.7979, Test F1 0.7791
2024-03-26 04:45:09,682 - INFO - Subject 10, Epoch 19: Train Loss 0.5426, Train Acc 0.7448, Train F1 0.7396, Test Loss 0.4690, Test Acc 0.8038, Test F1 0.7861
2024-03-26 04:45:59,507 - INFO - Subject 10, Epoch 20: Train Loss 0.5421, Train Acc 0.7725, Train F1 0.7662, Test Loss 0.3892, Test Acc 0.8776, Test F1 0.8791
2024-03-26 04:46:49,490 - INFO - Subject 10, Epoch 21: Train Loss 0.4171, Train Acc 0.8137, Train F1 0.8089, Test Loss 0.4725, Test Acc 0.8024, Test F1 0.7960
2024-03-26 04:47:39,255 - INFO - Subject 10, Epoch 22: Train Loss 0.4191, Train Acc 0.8247, Train F1 0.8215, Test Loss 0.3603, Test Acc 0.8304, Test F1 0.8286
2024-03-26 04:48:28,842 - INFO - Subject 10, Epoch 23: Train Loss 0.3698, Train Acc 0.8336, Train F1 0.8306, Test Loss 0.3598, Test Acc 0.8894, Test F1 0.8888
2024-03-26 04:49:18,753 - INFO - Subject 10, Epoch 24: Train Loss 0.3423, Train Acc 0.8590, Train F1 0.8571, Test Loss 0.3498, Test Acc 0.7935, Test F1 0.7680
2024-03-26 04:50:08,898 - INFO - Subject 10, Epoch 25: Train Loss 0.3188, Train Acc 0.8645, Train F1 0.8623, Test Loss 0.2350, Test Acc 0.8938, Test F1 0.8896
2024-03-26 04:50:58,766 - INFO - Subject 10, Epoch 26: Train Loss 0.2552, Train Acc 0.8936, Train F1 0.8925, Test Loss 0.2177, Test Acc 0.9351, Test F1 0.9353
2024-03-26 04:51:48,529 - INFO - Subject 10, Epoch 27: Train Loss 0.2603, Train Acc 0.8951, Train F1 0.8943, Test Loss 0.2136, Test Acc 0.8982, Test F1 0.8951
2024-03-26 04:52:38,417 - INFO - Subject 10, Epoch 28: Train Loss 0.2313, Train Acc 0.9057, Train F1 0.9054, Test Loss 0.1961, Test Acc 0.9410, Test F1 0.9406
2024-03-26 04:53:28,040 - INFO - Subject 10, Epoch 29: Train Loss 0.2173, Train Acc 0.9094, Train F1 0.9089, Test Loss 0.2078, Test Acc 0.9381, Test F1 0.9376
2024-03-26 04:54:17,846 - INFO - Subject 10, Epoch 30: Train Loss 0.1951, Train Acc 0.9267, Train F1 0.9264, Test Loss 0.1853, Test Acc 0.9513, Test F1 0.9509
2024-03-26 04:55:07,744 - INFO - Subject 10, Epoch 31: Train Loss 0.2058, Train Acc 0.9208, Train F1 0.9206, Test Loss 0.1774, Test Acc 0.9218, Test F1 0.9211
2024-03-26 04:55:57,439 - INFO - Subject 10, Epoch 32: Train Loss 0.1885, Train Acc 0.9278, Train F1 0.9277, Test Loss 0.1524, Test Acc 0.9764, Test F1 0.9762
2024-03-26 04:56:47,006 - INFO - Subject 10, Epoch 33: Train Loss 0.1561, Train Acc 0.9525, Train F1 0.9524, Test Loss 0.1208, Test Acc 0.9838, Test F1 0.9838
2024-03-26 04:57:36,556 - INFO - Subject 10, Epoch 34: Train Loss 0.1360, Train Acc 0.9566, Train F1 0.9565, Test Loss 0.1101, Test Acc 0.9735, Test F1 0.9735
2024-03-26 04:58:26,144 - INFO - Subject 10, Epoch 35: Train Loss 0.1284, Train Acc 0.9658, Train F1 0.9657, Test Loss 0.1209, Test Acc 0.9440, Test F1 0.9437
2024-03-26 04:59:16,066 - INFO - Subject 10, Epoch 36: Train Loss 0.1292, Train Acc 0.9610, Train F1 0.9609, Test Loss 0.1023, Test Acc 0.9646, Test F1 0.9646
2024-03-26 05:00:05,873 - INFO - Subject 10, Epoch 37: Train Loss 0.1109, Train Acc 0.9728, Train F1 0.9727, Test Loss 0.1177, Test Acc 0.9808, Test F1 0.9808
2024-03-26 05:00:55,558 - INFO - Subject 10, Epoch 38: Train Loss 0.1064, Train Acc 0.9735, Train F1 0.9735, Test Loss 0.1004, Test Acc 0.9867, Test F1 0.9867
2024-03-26 05:01:45,554 - INFO - Subject 10, Epoch 39: Train Loss 0.0993, Train Acc 0.9805, Train F1 0.9805, Test Loss 0.0917, Test Acc 0.9941, Test F1 0.9941
2024-03-26 05:02:34,986 - INFO - Subject 10, Epoch 40: Train Loss 0.0949, Train Acc 0.9838, Train F1 0.9838, Test Loss 0.0890, Test Acc 0.9749, Test F1 0.9749
2024-03-26 05:03:24,710 - INFO - Subject 10, Epoch 41: Train Loss 0.0954, Train Acc 0.9816, Train F1 0.9816, Test Loss 0.0867, Test Acc 0.9941, Test F1 0.9941
2024-03-26 05:04:14,374 - INFO - Subject 10, Epoch 42: Train Loss 0.0891, Train Acc 0.9856, Train F1 0.9856, Test Loss 0.0853, Test Acc 0.9941, Test F1 0.9941
2024-03-26 05:05:04,318 - INFO - Subject 10, Epoch 43: Train Loss 0.0888, Train Acc 0.9849, Train F1 0.9849, Test Loss 0.0881, Test Acc 0.9926, Test F1 0.9926
2024-03-26 05:05:53,900 - INFO - Subject 10, Epoch 44: Train Loss 0.0889, Train Acc 0.9867, Train F1 0.9867, Test Loss 0.0827, Test Acc 0.9882, Test F1 0.9882
2024-03-26 05:06:43,876 - INFO - Subject 10, Epoch 45: Train Loss 0.0867, Train Acc 0.9890, Train F1 0.9890, Test Loss 0.0825, Test Acc 0.9867, Test F1 0.9867
2024-03-26 05:07:33,491 - INFO - Subject 10, Epoch 46: Train Loss 0.3825, Train Acc 0.8424, Train F1 0.8416, Test Loss 0.1350, Test Acc 0.9794, Test F1 0.9794
2024-03-26 05:08:22,920 - INFO - Subject 10, Epoch 47: Train Loss 0.2961, Train Acc 0.8697, Train F1 0.8695, Test Loss 0.1866, Test Acc 0.9233, Test F1 0.9226
2024-03-26 05:09:12,736 - INFO - Subject 10, Epoch 48: Train Loss 0.1568, Train Acc 0.9573, Train F1 0.9572, Test Loss 0.1633, Test Acc 0.9543, Test F1 0.9534
2024-03-26 05:10:02,598 - INFO - Subject 10, Epoch 49: Train Loss 0.1437, Train Acc 0.9448, Train F1 0.9447, Test Loss 0.1443, Test Acc 0.9100, Test F1 0.9089
2024-03-26 05:10:52,008 - INFO - Subject 10, Epoch 50: Train Loss 0.1047, Train Acc 0.9669, Train F1 0.9668, Test Loss 0.0952, Test Acc 0.9690, Test F1 0.9691
2024-03-26 05:10:52,072 - INFO - Processing Subject 11 with dataset size: 3394
2024-03-26 05:11:41,836 - INFO - Subject 11, Epoch 1: Train Loss 1.1303, Train Acc 0.3973, Train F1 0.3906, Test Loss 1.0811, Test Acc 0.3496, Test F1 0.1811
2024-03-26 05:12:31,591 - INFO - Subject 11, Epoch 2: Train Loss 0.9333, Train Acc 0.5534, Train F1 0.5476, Test Loss 0.7762, Test Acc 0.6873, Test F1 0.6752
2024-03-26 05:13:21,300 - INFO - Subject 11, Epoch 3: Train Loss 0.7337, Train Acc 0.6362, Train F1 0.6309, Test Loss 0.7346, Test Acc 0.6490, Test F1 0.6062
2024-03-26 05:14:11,116 - INFO - Subject 11, Epoch 4: Train Loss 0.6055, Train Acc 0.6778, Train F1 0.6786, Test Loss 0.6415, Test Acc 0.6858, Test F1 0.6761
2024-03-26 05:15:00,945 - INFO - Subject 11, Epoch 5: Train Loss 0.5958, Train Acc 0.6804, Train F1 0.6820, Test Loss 0.6105, Test Acc 0.6593, Test F1 0.6157
2024-03-26 05:15:50,432 - INFO - Subject 11, Epoch 6: Train Loss 0.5649, Train Acc 0.6988, Train F1 0.6999, Test Loss 0.8012, Test Acc 0.6239, Test F1 0.5537
2024-03-26 05:16:39,963 - INFO - Subject 11, Epoch 7: Train Loss 0.5719, Train Acc 0.7032, Train F1 0.7039, Test Loss 0.5862, Test Acc 0.6814, Test F1 0.6707
2024-03-26 05:17:31,873 - INFO - Subject 11, Epoch 8: Train Loss 0.5245, Train Acc 0.7231, Train F1 0.7225, Test Loss 0.5064, Test Acc 0.7758, Test F1 0.7814
2024-03-26 05:18:22,014 - INFO - Subject 11, Epoch 9: Train Loss 0.5204, Train Acc 0.7320, Train F1 0.7327, Test Loss 0.4933, Test Acc 0.7758, Test F1 0.7718
2024-03-26 05:19:12,040 - INFO - Subject 11, Epoch 10: Train Loss 0.4841, Train Acc 0.7636, Train F1 0.7644, Test Loss 0.6174, Test Acc 0.7419, Test F1 0.7285
2024-03-26 05:20:02,406 - INFO - Subject 11, Epoch 11: Train Loss 0.4635, Train Acc 0.7776, Train F1 0.7768, Test Loss 0.4924, Test Acc 0.7493, Test F1 0.7442
2024-03-26 05:20:52,084 - INFO - Subject 11, Epoch 12: Train Loss 0.4451, Train Acc 0.7850, Train F1 0.7846, Test Loss 0.4660, Test Acc 0.7596, Test F1 0.7558
2024-03-26 05:21:42,082 - INFO - Subject 11, Epoch 13: Train Loss 0.4397, Train Acc 0.7868, Train F1 0.7866, Test Loss 0.4734, Test Acc 0.7802, Test F1 0.7747
2024-03-26 05:22:32,156 - INFO - Subject 11, Epoch 14: Train Loss 0.4241, Train Acc 0.7960, Train F1 0.7944, Test Loss 0.4577, Test Acc 0.7773, Test F1 0.7727
2024-03-26 05:23:22,316 - INFO - Subject 11, Epoch 15: Train Loss 0.4177, Train Acc 0.7861, Train F1 0.7841, Test Loss 0.4364, Test Acc 0.7847, Test F1 0.7810
2024-03-26 05:24:12,152 - INFO - Subject 11, Epoch 16: Train Loss 0.5265, Train Acc 0.7622, Train F1 0.7624, Test Loss 0.4527, Test Acc 0.8274, Test F1 0.8195
2024-03-26 05:25:02,031 - INFO - Subject 11, Epoch 17: Train Loss 0.5586, Train Acc 0.7415, Train F1 0.7415, Test Loss 0.5833, Test Acc 0.7876, Test F1 0.7714
2024-03-26 05:25:51,939 - INFO - Subject 11, Epoch 18: Train Loss 0.5027, Train Acc 0.7607, Train F1 0.7613, Test Loss 0.4019, Test Acc 0.8496, Test F1 0.8500
2024-03-26 05:26:41,575 - INFO - Subject 11, Epoch 19: Train Loss 0.4892, Train Acc 0.7828, Train F1 0.7825, Test Loss 0.7004, Test Acc 0.6180, Test F1 0.5390
2024-03-26 05:27:31,356 - INFO - Subject 11, Epoch 20: Train Loss 0.4407, Train Acc 0.7905, Train F1 0.7908, Test Loss 0.3345, Test Acc 0.8614, Test F1 0.8617
2024-03-26 05:28:21,136 - INFO - Subject 11, Epoch 21: Train Loss 0.3532, Train Acc 0.8520, Train F1 0.8519, Test Loss 0.4117, Test Acc 0.8304, Test F1 0.8208
2024-03-26 05:29:10,746 - INFO - Subject 11, Epoch 22: Train Loss 0.3565, Train Acc 0.8443, Train F1 0.8439, Test Loss 0.4341, Test Acc 0.7684, Test F1 0.7588
2024-03-26 05:30:00,680 - INFO - Subject 11, Epoch 23: Train Loss 0.3233, Train Acc 0.8594, Train F1 0.8594, Test Loss 0.2564, Test Acc 0.8997, Test F1 0.9001
2024-03-26 05:30:50,454 - INFO - Subject 11, Epoch 24: Train Loss 0.2994, Train Acc 0.8730, Train F1 0.8730, Test Loss 0.3455, Test Acc 0.8392, Test F1 0.8299
2024-03-26 05:31:40,055 - INFO - Subject 11, Epoch 25: Train Loss 0.2997, Train Acc 0.8671, Train F1 0.8670, Test Loss 0.5104, Test Acc 0.7655, Test F1 0.7366
2024-03-26 05:32:30,012 - INFO - Subject 11, Epoch 26: Train Loss 0.3330, Train Acc 0.8472, Train F1 0.8472, Test Loss 0.2344, Test Acc 0.9425, Test F1 0.9425
2024-03-26 05:33:19,855 - INFO - Subject 11, Epoch 27: Train Loss 0.2613, Train Acc 0.8862, Train F1 0.8864, Test Loss 0.2243, Test Acc 0.9145, Test F1 0.9142
2024-03-26 05:34:09,855 - INFO - Subject 11, Epoch 28: Train Loss 0.2609, Train Acc 0.8899, Train F1 0.8900, Test Loss 0.2056, Test Acc 0.9336, Test F1 0.9338
2024-03-26 05:34:59,706 - INFO - Subject 11, Epoch 29: Train Loss 0.2319, Train Acc 0.8980, Train F1 0.8982, Test Loss 0.2115, Test Acc 0.9145, Test F1 0.9148
2024-03-26 05:35:49,700 - INFO - Subject 11, Epoch 30: Train Loss 0.2074, Train Acc 0.9175, Train F1 0.9179, Test Loss 0.2897, Test Acc 0.8628, Test F1 0.8551
2024-03-26 05:36:39,400 - INFO - Subject 11, Epoch 31: Train Loss 0.2078, Train Acc 0.9138, Train F1 0.9140, Test Loss 0.2363, Test Acc 0.8673, Test F1 0.8657
2024-03-26 05:37:29,201 - INFO - Subject 11, Epoch 32: Train Loss 0.1949, Train Acc 0.9227, Train F1 0.9229, Test Loss 0.2320, Test Acc 0.8894, Test F1 0.8883
2024-03-26 05:38:18,915 - INFO - Subject 11, Epoch 33: Train Loss 0.1873, Train Acc 0.9253, Train F1 0.9255, Test Loss 0.1605, Test Acc 0.9440, Test F1 0.9441
2024-03-26 05:39:08,604 - INFO - Subject 11, Epoch 34: Train Loss 0.1817, Train Acc 0.9260, Train F1 0.9262, Test Loss 0.1683, Test Acc 0.9484, Test F1 0.9483
2024-03-26 05:39:58,255 - INFO - Subject 11, Epoch 35: Train Loss 0.1840, Train Acc 0.9216, Train F1 0.9218, Test Loss 0.1632, Test Acc 0.9292, Test F1 0.9295
2024-03-26 05:40:47,760 - INFO - Subject 11, Epoch 36: Train Loss 0.1706, Train Acc 0.9315, Train F1 0.9317, Test Loss 0.1473, Test Acc 0.9440, Test F1 0.9441
2024-03-26 05:41:37,518 - INFO - Subject 11, Epoch 37: Train Loss 0.1601, Train Acc 0.9348, Train F1 0.9350, Test Loss 0.1658, Test Acc 0.9366, Test F1 0.9366
2024-03-26 05:42:27,324 - INFO - Subject 11, Epoch 38: Train Loss 0.1531, Train Acc 0.9352, Train F1 0.9355, Test Loss 0.1474, Test Acc 0.9381, Test F1 0.9381
2024-03-26 05:43:17,136 - INFO - Subject 11, Epoch 39: Train Loss 0.1627, Train Acc 0.9308, Train F1 0.9309, Test Loss 0.1525, Test Acc 0.9307, Test F1 0.9307
2024-03-26 05:44:06,788 - INFO - Subject 11, Epoch 40: Train Loss 0.1488, Train Acc 0.9415, Train F1 0.9417, Test Loss 0.1668, Test Acc 0.9351, Test F1 0.9351
2024-03-26 05:44:56,803 - INFO - Subject 11, Epoch 41: Train Loss 0.1476, Train Acc 0.9426, Train F1 0.9427, Test Loss 0.1515, Test Acc 0.9322, Test F1 0.9321
2024-03-26 05:45:46,505 - INFO - Subject 11, Epoch 42: Train Loss 0.1467, Train Acc 0.9422, Train F1 0.9423, Test Loss 0.1378, Test Acc 0.9602, Test F1 0.9602
2024-03-26 05:46:36,360 - INFO - Subject 11, Epoch 43: Train Loss 0.1397, Train Acc 0.9392, Train F1 0.9394, Test Loss 0.1410, Test Acc 0.9395, Test F1 0.9395
2024-03-26 05:47:26,163 - INFO - Subject 11, Epoch 44: Train Loss 0.1400, Train Acc 0.9378, Train F1 0.9379, Test Loss 0.1390, Test Acc 0.9484, Test F1 0.9484
2024-03-26 05:48:15,814 - INFO - Subject 11, Epoch 45: Train Loss 0.1394, Train Acc 0.9381, Train F1 0.9383, Test Loss 0.1381, Test Acc 0.9484, Test F1 0.9484
2024-03-26 05:49:05,558 - INFO - Subject 11, Epoch 46: Train Loss 0.2727, Train Acc 0.8774, Train F1 0.8776, Test Loss 0.3064, Test Acc 0.8378, Test F1 0.8292
2024-03-26 05:49:55,481 - INFO - Subject 11, Epoch 47: Train Loss 0.1858, Train Acc 0.9212, Train F1 0.9213, Test Loss 0.3004, Test Acc 0.8555, Test F1 0.8555
2024-03-26 05:50:45,047 - INFO - Subject 11, Epoch 48: Train Loss 0.2767, Train Acc 0.8811, Train F1 0.8812, Test Loss 0.2201, Test Acc 0.8909, Test F1 0.8905
2024-03-26 05:51:34,774 - INFO - Subject 11, Epoch 49: Train Loss 0.2694, Train Acc 0.8737, Train F1 0.8736, Test Loss 0.1919, Test Acc 0.9277, Test F1 0.9274
2024-03-26 05:52:24,690 - INFO - Subject 11, Epoch 50: Train Loss 0.1797, Train Acc 0.9256, Train F1 0.9258, Test Loss 0.2780, Test Acc 0.8776, Test F1 0.8743
2024-03-26 05:52:24,713 - INFO - Processing Subject 12 with dataset size: 3394
2024-03-26 05:53:14,668 - INFO - Subject 12, Epoch 1: Train Loss 1.1566, Train Acc 0.4046, Train F1 0.4035, Test Loss 1.0676, Test Acc 0.3260, Test F1 0.1603
2024-03-26 05:54:04,480 - INFO - Subject 12, Epoch 2: Train Loss 0.9707, Train Acc 0.5155, Train F1 0.5140, Test Loss 1.0318, Test Acc 0.4631, Test F1 0.3961
2024-03-26 05:54:54,248 - INFO - Subject 12, Epoch 3: Train Loss 0.8549, Train Acc 0.6108, Train F1 0.6041, Test Loss 0.8742, Test Acc 0.5118, Test F1 0.4324
2024-03-26 05:55:43,886 - INFO - Subject 12, Epoch 4: Train Loss 0.8205, Train Acc 0.6020, Train F1 0.5990, Test Loss 0.9408, Test Acc 0.4027, Test F1 0.2843
2024-03-26 05:56:33,782 - INFO - Subject 12, Epoch 5: Train Loss 0.6899, Train Acc 0.7010, Train F1 0.6964, Test Loss 0.5551, Test Acc 0.7611, Test F1 0.7546
2024-03-26 05:57:23,577 - INFO - Subject 12, Epoch 6: Train Loss 0.6456, Train Acc 0.7128, Train F1 0.7087, Test Loss 0.4999, Test Acc 0.7861, Test F1 0.7776
2024-03-26 05:58:13,390 - INFO - Subject 12, Epoch 7: Train Loss 0.5257, Train Acc 0.7846, Train F1 0.7822, Test Loss 0.4581, Test Acc 0.8437, Test F1 0.8420
2024-03-26 05:59:03,127 - INFO - Subject 12, Epoch 8: Train Loss 0.5338, Train Acc 0.7750, Train F1 0.7741, Test Loss 0.4006, Test Acc 0.8024, Test F1 0.7992
2024-03-26 05:59:53,187 - INFO - Subject 12, Epoch 9: Train Loss 0.4408, Train Acc 0.8207, Train F1 0.8201, Test Loss 0.4414, Test Acc 0.8068, Test F1 0.8047
2024-03-26 06:00:42,804 - INFO - Subject 12, Epoch 10: Train Loss 0.4020, Train Acc 0.8365, Train F1 0.8358, Test Loss 0.3480, Test Acc 0.8333, Test F1 0.8280
2024-03-26 06:01:32,446 - INFO - Subject 12, Epoch 11: Train Loss 0.3622, Train Acc 0.8612, Train F1 0.8610, Test Loss 0.3621, Test Acc 0.7979, Test F1 0.7974
2024-03-26 06:02:22,156 - INFO - Subject 12, Epoch 12: Train Loss 0.3352, Train Acc 0.8645, Train F1 0.8640, Test Loss 0.3487, Test Acc 0.8451, Test F1 0.8440
2024-03-26 06:03:11,873 - INFO - Subject 12, Epoch 13: Train Loss 0.3183, Train Acc 0.8759, Train F1 0.8756, Test Loss 0.2799, Test Acc 0.9056, Test F1 0.9056
2024-03-26 06:04:01,910 - INFO - Subject 12, Epoch 14: Train Loss 0.3004, Train Acc 0.8888, Train F1 0.8887, Test Loss 0.2904, Test Acc 0.8776, Test F1 0.8765
2024-03-26 06:04:51,853 - INFO - Subject 12, Epoch 15: Train Loss 0.2944, Train Acc 0.8811, Train F1 0.8811, Test Loss 0.2775, Test Acc 0.8923, Test F1 0.8914
2024-03-26 06:05:41,882 - INFO - Subject 12, Epoch 16: Train Loss 0.5870, Train Acc 0.7533, Train F1 0.7523, Test Loss 0.5335, Test Acc 0.7330, Test F1 0.6742
2024-03-26 06:06:31,832 - INFO - Subject 12, Epoch 17: Train Loss 0.4994, Train Acc 0.7817, Train F1 0.7804, Test Loss 0.4577, Test Acc 0.7994, Test F1 0.7964
2024-03-26 06:07:21,726 - INFO - Subject 12, Epoch 18: Train Loss 0.4190, Train Acc 0.8203, Train F1 0.8200, Test Loss 0.5709, Test Acc 0.7625, Test F1 0.7624
2024-03-26 06:08:11,653 - INFO - Subject 12, Epoch 19: Train Loss 0.3554, Train Acc 0.8490, Train F1 0.8486, Test Loss 0.2734, Test Acc 0.9233, Test F1 0.9239
2024-03-26 06:09:01,335 - INFO - Subject 12, Epoch 20: Train Loss 0.3253, Train Acc 0.8726, Train F1 0.8726, Test Loss 0.2065, Test Acc 0.9440, Test F1 0.9441
2024-03-26 06:09:51,644 - INFO - Subject 12, Epoch 21: Train Loss 0.3329, Train Acc 0.8597, Train F1 0.8596, Test Loss 0.4454, Test Acc 0.8156, Test F1 0.8163
2024-03-26 06:10:41,504 - INFO - Subject 12, Epoch 22: Train Loss 0.3312, Train Acc 0.8623, Train F1 0.8621, Test Loss 0.3961, Test Acc 0.8348, Test F1 0.8381
2024-03-26 06:11:31,415 - INFO - Subject 12, Epoch 23: Train Loss 0.3099, Train Acc 0.8627, Train F1 0.8625, Test Loss 0.1759, Test Acc 0.9587, Test F1 0.9589
2024-03-26 06:12:21,416 - INFO - Subject 12, Epoch 24: Train Loss 0.2473, Train Acc 0.9021, Train F1 0.9021, Test Loss 0.3241, Test Acc 0.8319, Test F1 0.8263
2024-03-26 06:13:11,295 - INFO - Subject 12, Epoch 25: Train Loss 0.2636, Train Acc 0.8929, Train F1 0.8929, Test Loss 0.3772, Test Acc 0.8156, Test F1 0.8181
2024-03-26 06:14:01,115 - INFO - Subject 12, Epoch 26: Train Loss 0.2222, Train Acc 0.9135, Train F1 0.9136, Test Loss 0.3263, Test Acc 0.8805, Test F1 0.8793
2024-03-26 06:14:51,070 - INFO - Subject 12, Epoch 27: Train Loss 0.2416, Train Acc 0.9006, Train F1 0.9005, Test Loss 0.1329, Test Acc 0.9779, Test F1 0.9778
2024-03-26 06:15:41,168 - INFO - Subject 12, Epoch 28: Train Loss 0.2112, Train Acc 0.9080, Train F1 0.9080, Test Loss 0.1336, Test Acc 0.9602, Test F1 0.9601
2024-03-26 06:16:31,009 - INFO - Subject 12, Epoch 29: Train Loss 0.1675, Train Acc 0.9407, Train F1 0.9408, Test Loss 0.1303, Test Acc 0.9602, Test F1 0.9602
2024-03-26 06:17:22,043 - INFO - Subject 12, Epoch 30: Train Loss 0.2668, Train Acc 0.8969, Train F1 0.8970, Test Loss 0.1866, Test Acc 0.9174, Test F1 0.9155
2024-03-26 06:18:13,500 - INFO - Subject 12, Epoch 31: Train Loss 0.1720, Train Acc 0.9334, Train F1 0.9334, Test Loss 0.1895, Test Acc 0.9159, Test F1 0.9150
2024-03-26 06:19:03,597 - INFO - Subject 12, Epoch 32: Train Loss 0.1624, Train Acc 0.9392, Train F1 0.9393, Test Loss 0.1581, Test Acc 0.9218, Test F1 0.9236
2024-03-26 06:19:53,822 - INFO - Subject 12, Epoch 33: Train Loss 0.1299, Train Acc 0.9639, Train F1 0.9639, Test Loss 0.1170, Test Acc 0.9749, Test F1 0.9750
2024-03-26 06:20:44,139 - INFO - Subject 12, Epoch 34: Train Loss 0.1229, Train Acc 0.9628, Train F1 0.9628, Test Loss 0.1000, Test Acc 0.9764, Test F1 0.9765
2024-03-26 06:21:34,056 - INFO - Subject 12, Epoch 35: Train Loss 0.1186, Train Acc 0.9621, Train F1 0.9621, Test Loss 0.1392, Test Acc 0.9602, Test F1 0.9604
2024-03-26 06:22:23,990 - INFO - Subject 12, Epoch 36: Train Loss 0.1028, Train Acc 0.9757, Train F1 0.9757, Test Loss 0.0999, Test Acc 0.9749, Test F1 0.9751
2024-03-26 06:23:13,960 - INFO - Subject 12, Epoch 37: Train Loss 0.0953, Train Acc 0.9797, Train F1 0.9798, Test Loss 0.1096, Test Acc 0.9676, Test F1 0.9676
2024-03-26 06:24:03,815 - INFO - Subject 12, Epoch 38: Train Loss 0.0903, Train Acc 0.9878, Train F1 0.9878, Test Loss 0.1103, Test Acc 0.9631, Test F1 0.9636
2024-03-26 06:24:53,762 - INFO - Subject 12, Epoch 39: Train Loss 0.1012, Train Acc 0.9735, Train F1 0.9735, Test Loss 0.1014, Test Acc 0.9779, Test F1 0.9779
2024-03-26 06:25:43,846 - INFO - Subject 12, Epoch 40: Train Loss 0.0863, Train Acc 0.9856, Train F1 0.9856, Test Loss 0.0847, Test Acc 0.9912, Test F1 0.9912
2024-03-26 06:26:33,857 - INFO - Subject 12, Epoch 41: Train Loss 0.0835, Train Acc 0.9882, Train F1 0.9882, Test Loss 0.0816, Test Acc 0.9882, Test F1 0.9882
2024-03-26 06:27:23,643 - INFO - Subject 12, Epoch 42: Train Loss 0.0828, Train Acc 0.9871, Train F1 0.9871, Test Loss 0.0810, Test Acc 0.9882, Test F1 0.9882
2024-03-26 06:28:13,407 - INFO - Subject 12, Epoch 43: Train Loss 0.0816, Train Acc 0.9893, Train F1 0.9893, Test Loss 0.0808, Test Acc 0.9897, Test F1 0.9897
2024-03-26 06:29:03,533 - INFO - Subject 12, Epoch 44: Train Loss 0.0799, Train Acc 0.9893, Train F1 0.9893, Test Loss 0.0803, Test Acc 0.9823, Test F1 0.9822
2024-03-26 06:29:53,679 - INFO - Subject 12, Epoch 45: Train Loss 0.0795, Train Acc 0.9897, Train F1 0.9897, Test Loss 0.0805, Test Acc 0.9897, Test F1 0.9897
2024-03-26 06:30:43,638 - INFO - Subject 12, Epoch 46: Train Loss 0.5242, Train Acc 0.8166, Train F1 0.8166, Test Loss 0.1271, Test Acc 0.9838, Test F1 0.9838
2024-03-26 06:31:33,464 - INFO - Subject 12, Epoch 47: Train Loss 0.1657, Train Acc 0.9485, Train F1 0.9485, Test Loss 0.2307, Test Acc 0.9086, Test F1 0.9095
2024-03-26 06:32:23,283 - INFO - Subject 12, Epoch 48: Train Loss 0.2014, Train Acc 0.9094, Train F1 0.9095, Test Loss 0.1329, Test Acc 0.9617, Test F1 0.9622
2024-03-26 06:33:12,880 - INFO - Subject 12, Epoch 49: Train Loss 0.2262, Train Acc 0.9083, Train F1 0.9084, Test Loss 0.1856, Test Acc 0.9130, Test F1 0.9151
2024-03-26 06:34:02,773 - INFO - Subject 12, Epoch 50: Train Loss 0.1521, Train Acc 0.9433, Train F1 0.9433, Test Loss 0.3779, Test Acc 0.8407, Test F1 0.8259
2024-03-26 06:34:02,828 - INFO - Processing Subject 13 with dataset size: 3394
2024-03-26 06:34:52,979 - INFO - Subject 13, Epoch 1: Train Loss 1.1797, Train Acc 0.3741, Train F1 0.3673, Test Loss 1.0816, Test Acc 0.3496, Test F1 0.1811
2024-03-26 06:35:42,887 - INFO - Subject 13, Epoch 2: Train Loss 1.0641, Train Acc 0.4440, Train F1 0.4338, Test Loss 1.0102, Test Acc 0.5177, Test F1 0.4230
2024-03-26 06:36:32,530 - INFO - Subject 13, Epoch 3: Train Loss 1.0218, Train Acc 0.4676, Train F1 0.4566, Test Loss 1.0797, Test Acc 0.3643, Test F1 0.2341
2024-03-26 06:37:22,273 - INFO - Subject 13, Epoch 4: Train Loss 0.9417, Train Acc 0.5184, Train F1 0.5019, Test Loss 0.8308, Test Acc 0.6622, Test F1 0.5564
2024-03-26 06:38:11,643 - INFO - Subject 13, Epoch 5: Train Loss 0.8185, Train Acc 0.6009, Train F1 0.5790, Test Loss 0.7692, Test Acc 0.6239, Test F1 0.5991
2024-03-26 06:39:01,398 - INFO - Subject 13, Epoch 6: Train Loss 0.7212, Train Acc 0.6480, Train F1 0.6412, Test Loss 0.6889, Test Acc 0.6947, Test F1 0.6757
2024-03-26 06:39:51,172 - INFO - Subject 13, Epoch 7: Train Loss 0.6143, Train Acc 0.6966, Train F1 0.6913, Test Loss 0.6585, Test Acc 0.6608, Test F1 0.6472
2024-03-26 06:40:40,782 - INFO - Subject 13, Epoch 8: Train Loss 0.6125, Train Acc 0.6870, Train F1 0.6857, Test Loss 0.6600, Test Acc 0.6534, Test F1 0.6395
2024-03-26 06:41:30,640 - INFO - Subject 13, Epoch 9: Train Loss 0.5548, Train Acc 0.7242, Train F1 0.7217, Test Loss 0.5637, Test Acc 0.7271, Test F1 0.7144
2024-03-26 06:42:20,606 - INFO - Subject 13, Epoch 10: Train Loss 0.5109, Train Acc 0.7518, Train F1 0.7497, Test Loss 0.4792, Test Acc 0.7581, Test F1 0.7491
2024-03-26 06:43:10,359 - INFO - Subject 13, Epoch 11: Train Loss 0.4812, Train Acc 0.7710, Train F1 0.7688, Test Loss 0.4696, Test Acc 0.7714, Test F1 0.7436
2024-03-26 06:44:00,376 - INFO - Subject 13, Epoch 12: Train Loss 0.4712, Train Acc 0.7655, Train F1 0.7632, Test Loss 0.5282, Test Acc 0.7537, Test F1 0.7477
2024-03-26 06:44:50,267 - INFO - Subject 13, Epoch 13: Train Loss 0.4574, Train Acc 0.7798, Train F1 0.7779, Test Loss 0.4738, Test Acc 0.8053, Test F1 0.8017
2024-03-26 06:45:40,368 - INFO - Subject 13, Epoch 14: Train Loss 0.4425, Train Acc 0.8012, Train F1 0.7988, Test Loss 0.4857, Test Acc 0.7817, Test F1 0.7777
2024-03-26 06:46:30,214 - INFO - Subject 13, Epoch 15: Train Loss 0.4364, Train Acc 0.8089, Train F1 0.8082, Test Loss 0.4532, Test Acc 0.8171, Test F1 0.8154
2024-03-26 06:47:19,943 - INFO - Subject 13, Epoch 16: Train Loss 0.6548, Train Acc 0.6966, Train F1 0.6945, Test Loss 0.5486, Test Acc 0.7109, Test F1 0.6957
2024-03-26 06:48:09,481 - INFO - Subject 13, Epoch 17: Train Loss 0.5283, Train Acc 0.7327, Train F1 0.7322, Test Loss 0.4665, Test Acc 0.7994, Test F1 0.8044
2024-03-26 06:48:59,194 - INFO - Subject 13, Epoch 18: Train Loss 0.5075, Train Acc 0.7500, Train F1 0.7502, Test Loss 0.4317, Test Acc 0.8186, Test F1 0.8182
2024-03-26 06:49:49,110 - INFO - Subject 13, Epoch 19: Train Loss 0.5185, Train Acc 0.7474, Train F1 0.7475, Test Loss 0.4316, Test Acc 0.7802, Test F1 0.7529
2024-03-26 06:50:38,879 - INFO - Subject 13, Epoch 20: Train Loss 0.4794, Train Acc 0.7684, Train F1 0.7681, Test Loss 0.4451, Test Acc 0.7817, Test F1 0.7762
2024-03-26 06:51:28,467 - INFO - Subject 13, Epoch 21: Train Loss 0.5875, Train Acc 0.7080, Train F1 0.7097, Test Loss 0.4927, Test Acc 0.7714, Test F1 0.7659
2024-03-26 06:52:18,098 - INFO - Subject 13, Epoch 22: Train Loss 0.4331, Train Acc 0.7872, Train F1 0.7860, Test Loss 0.3940, Test Acc 0.8363, Test F1 0.8335
2024-03-26 06:53:07,880 - INFO - Subject 13, Epoch 23: Train Loss 0.4828, Train Acc 0.7644, Train F1 0.7648, Test Loss 0.4578, Test Acc 0.7507, Test F1 0.6960
2024-03-26 06:53:57,524 - INFO - Subject 13, Epoch 24: Train Loss 0.4428, Train Acc 0.7795, Train F1 0.7783, Test Loss 0.4301, Test Acc 0.8186, Test F1 0.8232
2024-03-26 06:54:47,243 - INFO - Subject 13, Epoch 25: Train Loss 0.4196, Train Acc 0.7861, Train F1 0.7862, Test Loss 0.3789, Test Acc 0.8260, Test F1 0.8113
2024-03-26 06:55:37,050 - INFO - Subject 13, Epoch 26: Train Loss 0.3932, Train Acc 0.8096, Train F1 0.8096, Test Loss 0.3740, Test Acc 0.8510, Test F1 0.8430
2024-03-26 06:56:26,695 - INFO - Subject 13, Epoch 27: Train Loss 0.3912, Train Acc 0.7982, Train F1 0.7986, Test Loss 0.3708, Test Acc 0.8599, Test F1 0.8576
2024-03-26 06:57:16,443 - INFO - Subject 13, Epoch 28: Train Loss 0.5468, Train Acc 0.7419, Train F1 0.7430, Test Loss 0.3825, Test Acc 0.8805, Test F1 0.8822
2024-03-26 06:58:06,107 - INFO - Subject 13, Epoch 29: Train Loss 0.3769, Train Acc 0.8207, Train F1 0.8206, Test Loss 0.5764, Test Acc 0.7271, Test F1 0.7190
2024-03-26 06:58:55,675 - INFO - Subject 13, Epoch 30: Train Loss 0.3845, Train Acc 0.8170, Train F1 0.8171, Test Loss 0.4821, Test Acc 0.7876, Test F1 0.7824
2024-03-26 06:59:45,676 - INFO - Subject 13, Epoch 31: Train Loss 0.3625, Train Acc 0.8229, Train F1 0.8224, Test Loss 0.3380, Test Acc 0.8643, Test F1 0.8630
2024-03-26 07:00:35,492 - INFO - Subject 13, Epoch 32: Train Loss 0.3372, Train Acc 0.8387, Train F1 0.8385, Test Loss 0.3530, Test Acc 0.8481, Test F1 0.8428
2024-03-26 07:01:25,388 - INFO - Subject 13, Epoch 33: Train Loss 0.3460, Train Acc 0.8428, Train F1 0.8430, Test Loss 0.3499, Test Acc 0.8555, Test F1 0.8508
2024-03-26 07:02:15,145 - INFO - Subject 13, Epoch 34: Train Loss 0.3026, Train Acc 0.8726, Train F1 0.8729, Test Loss 0.3150, Test Acc 0.8614, Test F1 0.8639
2024-03-26 07:03:04,807 - INFO - Subject 13, Epoch 35: Train Loss 0.2940, Train Acc 0.8708, Train F1 0.8710, Test Loss 0.2733, Test Acc 0.9027, Test F1 0.9013
2024-03-26 07:03:54,661 - INFO - Subject 13, Epoch 36: Train Loss 0.2630, Train Acc 0.8936, Train F1 0.8939, Test Loss 0.2785, Test Acc 0.8982, Test F1 0.8984
2024-03-26 07:04:44,364 - INFO - Subject 13, Epoch 37: Train Loss 0.2519, Train Acc 0.9046, Train F1 0.9047, Test Loss 0.3403, Test Acc 0.8466, Test F1 0.8406
2024-03-26 07:05:34,043 - INFO - Subject 13, Epoch 38: Train Loss 0.2515, Train Acc 0.9021, Train F1 0.9021, Test Loss 0.2498, Test Acc 0.9336, Test F1 0.9337
2024-03-26 07:06:23,879 - INFO - Subject 13, Epoch 39: Train Loss 0.2359, Train Acc 0.9149, Train F1 0.9150, Test Loss 0.2720, Test Acc 0.9041, Test F1 0.9036
2024-03-26 07:07:13,700 - INFO - Subject 13, Epoch 40: Train Loss 0.2330, Train Acc 0.9131, Train F1 0.9132, Test Loss 0.2572, Test Acc 0.9218, Test F1 0.9213
2024-03-26 07:08:03,436 - INFO - Subject 13, Epoch 41: Train Loss 0.2219, Train Acc 0.9267, Train F1 0.9267, Test Loss 0.2518, Test Acc 0.9381, Test F1 0.9378
2024-03-26 07:08:53,262 - INFO - Subject 13, Epoch 42: Train Loss 0.2124, Train Acc 0.9282, Train F1 0.9282, Test Loss 0.2366, Test Acc 0.9425, Test F1 0.9425
2024-03-26 07:09:43,181 - INFO - Subject 13, Epoch 43: Train Loss 0.2081, Train Acc 0.9392, Train F1 0.9392, Test Loss 0.2356, Test Acc 0.9440, Test F1 0.9440
2024-03-26 07:10:32,935 - INFO - Subject 13, Epoch 44: Train Loss 0.2068, Train Acc 0.9392, Train F1 0.9392, Test Loss 0.2370, Test Acc 0.9454, Test F1 0.9454
2024-03-26 07:11:22,854 - INFO - Subject 13, Epoch 45: Train Loss 0.2054, Train Acc 0.9422, Train F1 0.9422, Test Loss 0.2340, Test Acc 0.9440, Test F1 0.9440
2024-03-26 07:12:12,622 - INFO - Subject 13, Epoch 46: Train Loss 0.6759, Train Acc 0.7345, Train F1 0.7350, Test Loss 0.4742, Test Acc 0.7743, Test F1 0.7696
2024-03-26 07:13:02,425 - INFO - Subject 13, Epoch 47: Train Loss 0.3924, Train Acc 0.8196, Train F1 0.8201, Test Loss 0.5189, Test Acc 0.7729, Test F1 0.7780
2024-03-26 07:13:51,985 - INFO - Subject 13, Epoch 48: Train Loss 0.4465, Train Acc 0.7806, Train F1 0.7809, Test Loss 0.4355, Test Acc 0.8186, Test F1 0.8074
2024-03-26 07:14:41,940 - INFO - Subject 13, Epoch 49: Train Loss 0.4911, Train Acc 0.7725, Train F1 0.7726, Test Loss 0.3165, Test Acc 0.9071, Test F1 0.9079
2024-03-26 07:15:31,794 - INFO - Subject 13, Epoch 50: Train Loss 0.3954, Train Acc 0.8163, Train F1 0.8163, Test Loss 0.4928, Test Acc 0.7566, Test F1 0.7427
2024-03-26 07:15:31,818 - INFO - Processing Subject 14 with dataset size: 3394
2024-03-26 07:16:21,459 - INFO - Subject 14, Epoch 1: Train Loss 1.1410, Train Acc 0.3737, Train F1 0.3683, Test Loss 1.1179, Test Acc 0.3496, Test F1 0.1811
2024-03-26 07:17:11,154 - INFO - Subject 14, Epoch 2: Train Loss 1.0699, Train Acc 0.3910, Train F1 0.3875, Test Loss 1.0274, Test Acc 0.5929, Test F1 0.4948
2024-03-26 07:18:02,666 - INFO - Subject 14, Epoch 3: Train Loss 0.9507, Train Acc 0.5460, Train F1 0.5212, Test Loss 0.8355, Test Acc 0.5914, Test F1 0.4964
2024-03-26 07:18:52,745 - INFO - Subject 14, Epoch 4: Train Loss 0.7838, Train Acc 0.6193, Train F1 0.6095, Test Loss 0.6799, Test Acc 0.6386, Test F1 0.5502
2024-03-26 07:19:42,513 - INFO - Subject 14, Epoch 5: Train Loss 0.6950, Train Acc 0.6819, Train F1 0.6771, Test Loss 0.7942, Test Acc 0.6165, Test F1 0.5831
2024-03-26 07:20:32,417 - INFO - Subject 14, Epoch 6: Train Loss 0.5902, Train Acc 0.7426, Train F1 0.7407, Test Loss 0.6169, Test Acc 0.7655, Test F1 0.7511
2024-03-26 07:21:22,046 - INFO - Subject 14, Epoch 7: Train Loss 0.6088, Train Acc 0.7294, Train F1 0.7278, Test Loss 0.5443, Test Acc 0.7271, Test F1 0.7220
2024-03-26 07:22:11,792 - INFO - Subject 14, Epoch 8: Train Loss 0.5301, Train Acc 0.7728, Train F1 0.7718, Test Loss 0.4604, Test Acc 0.8068, Test F1 0.8050
2024-03-26 07:23:01,798 - INFO - Subject 14, Epoch 9: Train Loss 0.5125, Train Acc 0.7787, Train F1 0.7788, Test Loss 0.4799, Test Acc 0.8068, Test F1 0.8088
2024-03-26 07:23:51,200 - INFO - Subject 14, Epoch 10: Train Loss 0.4933, Train Acc 0.7879, Train F1 0.7876, Test Loss 0.4849, Test Acc 0.7507, Test F1 0.7497
2024-03-26 07:24:40,580 - INFO - Subject 14, Epoch 11: Train Loss 0.4772, Train Acc 0.8001, Train F1 0.8001, Test Loss 0.4289, Test Acc 0.8348, Test F1 0.8377
2024-03-26 07:25:30,335 - INFO - Subject 14, Epoch 12: Train Loss 0.4590, Train Acc 0.8141, Train F1 0.8141, Test Loss 0.4309, Test Acc 0.8156, Test F1 0.8177
2024-03-26 07:26:20,043 - INFO - Subject 14, Epoch 13: Train Loss 0.4542, Train Acc 0.8185, Train F1 0.8189, Test Loss 0.4052, Test Acc 0.8333, Test F1 0.8319
2024-03-26 07:27:09,490 - INFO - Subject 14, Epoch 14: Train Loss 0.4316, Train Acc 0.8281, Train F1 0.8282, Test Loss 0.4016, Test Acc 0.8584, Test F1 0.8587
2024-03-26 07:27:59,101 - INFO - Subject 14, Epoch 15: Train Loss 0.4282, Train Acc 0.8281, Train F1 0.8280, Test Loss 0.3992, Test Acc 0.8304, Test F1 0.8301
2024-03-26 07:28:48,687 - INFO - Subject 14, Epoch 16: Train Loss 0.5747, Train Acc 0.7496, Train F1 0.7484, Test Loss 0.4773, Test Acc 0.7935, Test F1 0.7921
2024-03-26 07:29:38,606 - INFO - Subject 14, Epoch 17: Train Loss 0.6500, Train Acc 0.7161, Train F1 0.7151, Test Loss 0.4792, Test Acc 0.8407, Test F1 0.8392
2024-03-26 07:30:28,067 - INFO - Subject 14, Epoch 18: Train Loss 0.5626, Train Acc 0.7504, Train F1 0.7485, Test Loss 0.6350, Test Acc 0.7242, Test F1 0.7067
2024-03-26 07:31:17,550 - INFO - Subject 14, Epoch 19: Train Loss 0.4950, Train Acc 0.7865, Train F1 0.7852, Test Loss 0.4492, Test Acc 0.7773, Test F1 0.7654
2024-03-26 07:32:07,134 - INFO - Subject 14, Epoch 20: Train Loss 0.4971, Train Acc 0.8034, Train F1 0.8023, Test Loss 0.3991, Test Acc 0.8599, Test F1 0.8612
2024-03-26 07:32:56,831 - INFO - Subject 14, Epoch 21: Train Loss 0.4735, Train Acc 0.7986, Train F1 0.7976, Test Loss 0.4106, Test Acc 0.8156, Test F1 0.8083
2024-03-26 07:33:46,515 - INFO - Subject 14, Epoch 22: Train Loss 0.5636, Train Acc 0.7636, Train F1 0.7624, Test Loss 0.5019, Test Acc 0.7566, Test F1 0.7513
2024-03-26 07:34:36,032 - INFO - Subject 14, Epoch 23: Train Loss 0.4807, Train Acc 0.8019, Train F1 0.8012, Test Loss 0.5325, Test Acc 0.7493, Test F1 0.7370
2024-03-26 07:35:25,759 - INFO - Subject 14, Epoch 24: Train Loss 0.4266, Train Acc 0.8255, Train F1 0.8251, Test Loss 0.3138, Test Acc 0.8923, Test F1 0.8930
2024-03-26 07:36:15,327 - INFO - Subject 14, Epoch 25: Train Loss 0.3786, Train Acc 0.8582, Train F1 0.8581, Test Loss 0.3141, Test Acc 0.8791, Test F1 0.8805
2024-03-26 07:37:05,197 - INFO - Subject 14, Epoch 26: Train Loss 0.3539, Train Acc 0.8730, Train F1 0.8728, Test Loss 0.3439, Test Acc 0.8658, Test F1 0.8677
2024-03-26 07:37:54,654 - INFO - Subject 14, Epoch 27: Train Loss 0.3349, Train Acc 0.8663, Train F1 0.8661, Test Loss 0.5024, Test Acc 0.7611, Test F1 0.7605
2024-03-26 07:38:44,263 - INFO - Subject 14, Epoch 28: Train Loss 0.3395, Train Acc 0.8660, Train F1 0.8661, Test Loss 0.3089, Test Acc 0.8761, Test F1 0.8766
2024-03-26 07:39:33,920 - INFO - Subject 14, Epoch 29: Train Loss 0.2882, Train Acc 0.8895, Train F1 0.8895, Test Loss 0.2685, Test Acc 0.9115, Test F1 0.9122
2024-03-26 07:40:23,467 - INFO - Subject 14, Epoch 30: Train Loss 0.2712, Train Acc 0.8980, Train F1 0.8979, Test Loss 0.3599, Test Acc 0.8746, Test F1 0.8739
2024-03-26 07:41:13,262 - INFO - Subject 14, Epoch 31: Train Loss 0.2436, Train Acc 0.9094, Train F1 0.9092, Test Loss 0.2017, Test Acc 0.9130, Test F1 0.9124
2024-03-26 07:42:03,139 - INFO - Subject 14, Epoch 32: Train Loss 0.3121, Train Acc 0.8814, Train F1 0.8814, Test Loss 0.2251, Test Acc 0.8968, Test F1 0.8975
2024-03-26 07:42:52,681 - INFO - Subject 14, Epoch 33: Train Loss 0.2406, Train Acc 0.9061, Train F1 0.9060, Test Loss 0.2183, Test Acc 0.9204, Test F1 0.9209
2024-03-26 07:43:42,444 - INFO - Subject 14, Epoch 34: Train Loss 0.2164, Train Acc 0.9153, Train F1 0.9152, Test Loss 0.1961, Test Acc 0.9307, Test F1 0.9312
2024-03-26 07:44:31,965 - INFO - Subject 14, Epoch 35: Train Loss 0.2087, Train Acc 0.9201, Train F1 0.9200, Test Loss 0.1941, Test Acc 0.9484, Test F1 0.9488
2024-03-26 07:45:21,985 - INFO - Subject 14, Epoch 36: Train Loss 0.1914, Train Acc 0.9330, Train F1 0.9330, Test Loss 0.1727, Test Acc 0.9454, Test F1 0.9458
2024-03-26 07:46:11,627 - INFO - Subject 14, Epoch 37: Train Loss 0.1844, Train Acc 0.9326, Train F1 0.9326, Test Loss 0.1677, Test Acc 0.9233, Test F1 0.9229
2024-03-26 07:47:01,467 - INFO - Subject 14, Epoch 38: Train Loss 0.1771, Train Acc 0.9385, Train F1 0.9385, Test Loss 0.1691, Test Acc 0.9469, Test F1 0.9474
2024-03-26 07:47:51,252 - INFO - Subject 14, Epoch 39: Train Loss 0.1681, Train Acc 0.9440, Train F1 0.9440, Test Loss 0.1608, Test Acc 0.9558, Test F1 0.9561
2024-03-26 07:48:41,159 - INFO - Subject 14, Epoch 40: Train Loss 0.1739, Train Acc 0.9385, Train F1 0.9384, Test Loss 0.1551, Test Acc 0.9366, Test F1 0.9363
2024-03-26 07:49:30,727 - INFO - Subject 14, Epoch 41: Train Loss 0.1587, Train Acc 0.9462, Train F1 0.9462, Test Loss 0.1596, Test Acc 0.9558, Test F1 0.9560
2024-03-26 07:50:20,537 - INFO - Subject 14, Epoch 42: Train Loss 0.1594, Train Acc 0.9459, Train F1 0.9458, Test Loss 0.1591, Test Acc 0.9602, Test F1 0.9606
2024-03-26 07:51:10,308 - INFO - Subject 14, Epoch 43: Train Loss 0.1557, Train Acc 0.9529, Train F1 0.9530, Test Loss 0.1533, Test Acc 0.9440, Test F1 0.9439
2024-03-26 07:52:00,661 - INFO - Subject 14, Epoch 44: Train Loss 0.1540, Train Acc 0.9529, Train F1 0.9529, Test Loss 0.1525, Test Acc 0.9558, Test F1 0.9559
2024-03-26 07:52:50,356 - INFO - Subject 14, Epoch 45: Train Loss 0.1529, Train Acc 0.9566, Train F1 0.9566, Test Loss 0.1517, Test Acc 0.9528, Test F1 0.9529
2024-03-26 07:53:40,046 - INFO - Subject 14, Epoch 46: Train Loss 0.4582, Train Acc 0.8273, Train F1 0.8274, Test Loss 0.2230, Test Acc 0.8923, Test F1 0.8936
2024-03-26 07:54:29,658 - INFO - Subject 14, Epoch 47: Train Loss 0.2565, Train Acc 0.9054, Train F1 0.9054, Test Loss 0.2618, Test Acc 0.9115, Test F1 0.9111
2024-03-26 07:55:19,279 - INFO - Subject 14, Epoch 48: Train Loss 0.1981, Train Acc 0.9227, Train F1 0.9226, Test Loss 0.1643, Test Acc 0.9233, Test F1 0.9222
2024-03-26 07:56:08,883 - INFO - Subject 14, Epoch 49: Train Loss 0.2608, Train Acc 0.9080, Train F1 0.9079, Test Loss 0.1911, Test Acc 0.9189, Test F1 0.9187
2024-03-26 07:56:58,201 - INFO - Subject 14, Epoch 50: Train Loss 0.2665, Train Acc 0.8962, Train F1 0.8962, Test Loss 0.1456, Test Acc 0.9454, Test F1 0.9454
2024-03-26 07:56:58,264 - INFO - Processing Subject 15 with dataset size: 3394
2024-03-26 07:57:48,342 - INFO - Subject 15, Epoch 1: Train Loss 1.1626, Train Acc 0.4105, Train F1 0.4041, Test Loss 0.9710, Test Acc 0.6165, Test F1 0.6136
2024-03-26 07:58:38,226 - INFO - Subject 15, Epoch 2: Train Loss 0.8965, Train Acc 0.5696, Train F1 0.5579, Test Loss 0.7941, Test Acc 0.7448, Test F1 0.7437
2024-03-26 07:59:27,834 - INFO - Subject 15, Epoch 3: Train Loss 0.7332, Train Acc 0.6642, Train F1 0.6623, Test Loss 0.5814, Test Acc 0.8274, Test F1 0.8282
2024-03-26 08:00:17,982 - INFO - Subject 15, Epoch 4: Train Loss 0.5207, Train Acc 0.7725, Train F1 0.7727, Test Loss 0.4445, Test Acc 0.8820, Test F1 0.8791
2024-03-26 08:01:07,707 - INFO - Subject 15, Epoch 5: Train Loss 0.4659, Train Acc 0.7750, Train F1 0.7746, Test Loss 0.3561, Test Acc 0.8702, Test F1 0.8698
2024-03-26 08:01:57,515 - INFO - Subject 15, Epoch 6: Train Loss 0.3830, Train Acc 0.8303, Train F1 0.8297, Test Loss 0.3272, Test Acc 0.8584, Test F1 0.8506
2024-03-26 08:02:47,324 - INFO - Subject 15, Epoch 7: Train Loss 0.3237, Train Acc 0.8638, Train F1 0.8637, Test Loss 0.2496, Test Acc 0.9248, Test F1 0.9244
2024-03-26 08:03:37,307 - INFO - Subject 15, Epoch 8: Train Loss 0.2619, Train Acc 0.9039, Train F1 0.9039, Test Loss 0.2265, Test Acc 0.9189, Test F1 0.9181
2024-03-26 08:04:27,340 - INFO - Subject 15, Epoch 9: Train Loss 0.2362, Train Acc 0.9091, Train F1 0.9091, Test Loss 0.2298, Test Acc 0.9100, Test F1 0.9089
2024-03-26 08:05:17,223 - INFO - Subject 15, Epoch 10: Train Loss 0.1917, Train Acc 0.9448, Train F1 0.9448, Test Loss 0.1960, Test Acc 0.9395, Test F1 0.9392
2024-03-26 08:06:06,792 - INFO - Subject 15, Epoch 11: Train Loss 0.1638, Train Acc 0.9543, Train F1 0.9543, Test Loss 0.1260, Test Acc 0.9749, Test F1 0.9749
2024-03-26 08:06:56,703 - INFO - Subject 15, Epoch 12: Train Loss 0.1305, Train Acc 0.9809, Train F1 0.9809, Test Loss 0.1166, Test Acc 0.9764, Test F1 0.9763
2024-03-26 08:07:46,704 - INFO - Subject 15, Epoch 13: Train Loss 0.1189, Train Acc 0.9801, Train F1 0.9801, Test Loss 0.1206, Test Acc 0.9764, Test F1 0.9763
2024-03-26 08:08:36,245 - INFO - Subject 15, Epoch 14: Train Loss 0.1121, Train Acc 0.9768, Train F1 0.9768, Test Loss 0.1062, Test Acc 0.9867, Test F1 0.9867
2024-03-26 08:09:26,280 - INFO - Subject 15, Epoch 15: Train Loss 0.1088, Train Acc 0.9812, Train F1 0.9812, Test Loss 0.1032, Test Acc 0.9749, Test F1 0.9749
2024-03-26 08:10:15,953 - INFO - Subject 15, Epoch 16: Train Loss 0.1576, Train Acc 0.9370, Train F1 0.9370, Test Loss 0.0902, Test Acc 0.9853, Test F1 0.9853
2024-03-26 08:11:05,480 - INFO - Subject 15, Epoch 17: Train Loss 0.3026, Train Acc 0.8726, Train F1 0.8726, Test Loss 0.1407, Test Acc 0.9735, Test F1 0.9733
2024-03-26 08:11:54,998 - INFO - Subject 15, Epoch 18: Train Loss 0.0923, Train Acc 0.9775, Train F1 0.9775, Test Loss 0.0598, Test Acc 0.9867, Test F1 0.9867
2024-03-26 08:12:44,880 - INFO - Subject 15, Epoch 19: Train Loss 0.0868, Train Acc 0.9742, Train F1 0.9742, Test Loss 0.0476, Test Acc 0.9897, Test F1 0.9897
2024-03-26 08:13:34,574 - INFO - Subject 15, Epoch 20: Train Loss 0.0423, Train Acc 0.9934, Train F1 0.9934, Test Loss 0.0698, Test Acc 0.9749, Test F1 0.9749
2024-03-26 08:14:24,437 - INFO - Subject 15, Epoch 21: Train Loss 0.0862, Train Acc 0.9672, Train F1 0.9672, Test Loss 0.0356, Test Acc 0.9867, Test F1 0.9867
2024-03-26 08:15:14,720 - INFO - Subject 15, Epoch 22: Train Loss 0.0362, Train Acc 0.9952, Train F1 0.9952, Test Loss 0.0305, Test Acc 0.9882, Test F1 0.9882
2024-03-26 08:16:04,724 - INFO - Subject 15, Epoch 23: Train Loss 0.2254, Train Acc 0.9149, Train F1 0.9150, Test Loss 0.0622, Test Acc 0.9853, Test F1 0.9853
2024-03-26 08:16:54,314 - INFO - Subject 15, Epoch 24: Train Loss 0.0400, Train Acc 0.9948, Train F1 0.9948, Test Loss 0.0297, Test Acc 0.9941, Test F1 0.9941
2024-03-26 08:17:46,039 - INFO - Subject 15, Epoch 25: Train Loss 0.0465, Train Acc 0.9849, Train F1 0.9849, Test Loss 0.3362, Test Acc 0.8201, Test F1 0.8084
2024-03-26 08:18:36,205 - INFO - Subject 15, Epoch 26: Train Loss 0.0691, Train Acc 0.9753, Train F1 0.9753, Test Loss 0.0199, Test Acc 1.0000, Test F1 1.0000
2024-03-26 08:19:25,941 - INFO - Subject 15, Epoch 27: Train Loss 0.0189, Train Acc 0.9959, Train F1 0.9959, Test Loss 0.0159, Test Acc 1.0000, Test F1 1.0000
2024-03-26 08:20:16,262 - INFO - Subject 15, Epoch 28: Train Loss 0.0194, Train Acc 0.9963, Train F1 0.9963, Test Loss 0.0146, Test Acc 1.0000, Test F1 1.0000
2024-03-26 08:21:06,316 - INFO - Subject 15, Epoch 29: Train Loss 0.0222, Train Acc 0.9948, Train F1 0.9948, Test Loss 0.0118, Test Acc 1.0000, Test F1 1.0000
2024-03-26 08:21:56,215 - INFO - Subject 15, Epoch 30: Train Loss 0.0149, Train Acc 0.9971, Train F1 0.9971, Test Loss 0.0134, Test Acc 1.0000, Test F1 1.0000
2024-03-26 08:22:46,334 - INFO - Subject 15, Epoch 31: Train Loss 0.0153, Train Acc 0.9978, Train F1 0.9978, Test Loss 0.0181, Test Acc 1.0000, Test F1 1.0000
2024-03-26 08:23:36,045 - INFO - Subject 15, Epoch 32: Train Loss 0.0111, Train Acc 0.9993, Train F1 0.9993, Test Loss 0.0433, Test Acc 0.9764, Test F1 0.9763
2024-03-26 08:24:25,763 - INFO - Subject 15, Epoch 33: Train Loss 0.0170, Train Acc 0.9967, Train F1 0.9967, Test Loss 0.0091, Test Acc 1.0000, Test F1 1.0000
2024-03-26 08:25:15,880 - INFO - Subject 15, Epoch 34: Train Loss 0.0111, Train Acc 0.9989, Train F1 0.9989, Test Loss 0.0085, Test Acc 1.0000, Test F1 1.0000
2024-03-26 08:26:05,649 - INFO - Subject 15, Epoch 35: Train Loss 0.0093, Train Acc 0.9996, Train F1 0.9996, Test Loss 0.0123, Test Acc 1.0000, Test F1 1.0000
2024-03-26 08:26:55,332 - INFO - Subject 15, Epoch 36: Train Loss 0.0084, Train Acc 0.9996, Train F1 0.9996, Test Loss 0.0083, Test Acc 1.0000, Test F1 1.0000
2024-03-26 08:27:45,153 - INFO - Subject 15, Epoch 37: Train Loss 0.0079, Train Acc 0.9993, Train F1 0.9993, Test Loss 0.0085, Test Acc 1.0000, Test F1 1.0000
2024-03-26 08:28:35,185 - INFO - Subject 15, Epoch 38: Train Loss 0.0074, Train Acc 1.0000, Train F1 1.0000, Test Loss 0.0070, Test Acc 1.0000, Test F1 1.0000
2024-03-26 08:29:25,135 - INFO - Subject 15, Epoch 39: Train Loss 0.0071, Train Acc 1.0000, Train F1 1.0000, Test Loss 0.0071, Test Acc 1.0000, Test F1 1.0000
2024-03-26 08:30:14,985 - INFO - Subject 15, Epoch 40: Train Loss 0.0070, Train Acc 1.0000, Train F1 1.0000, Test Loss 0.0074, Test Acc 1.0000, Test F1 1.0000
2024-03-26 08:31:04,827 - INFO - Subject 15, Epoch 41: Train Loss 0.0064, Train Acc 1.0000, Train F1 1.0000, Test Loss 0.0068, Test Acc 1.0000, Test F1 1.0000
2024-03-26 08:31:54,524 - INFO - Subject 15, Epoch 42: Train Loss 0.0062, Train Acc 1.0000, Train F1 1.0000, Test Loss 0.0068, Test Acc 1.0000, Test F1 1.0000
2024-03-26 08:32:44,233 - INFO - Subject 15, Epoch 43: Train Loss 0.0061, Train Acc 1.0000, Train F1 1.0000, Test Loss 0.0065, Test Acc 1.0000, Test F1 1.0000
2024-03-26 08:33:33,967 - INFO - Subject 15, Epoch 44: Train Loss 0.0060, Train Acc 1.0000, Train F1 1.0000, Test Loss 0.0065, Test Acc 1.0000, Test F1 1.0000
2024-03-26 08:34:23,827 - INFO - Subject 15, Epoch 45: Train Loss 0.0059, Train Acc 1.0000, Train F1 1.0000, Test Loss 0.0065, Test Acc 1.0000, Test F1 1.0000
2024-03-26 08:35:13,695 - INFO - Subject 15, Epoch 46: Train Loss 0.0950, Train Acc 0.9661, Train F1 0.9661, Test Loss 0.0237, Test Acc 0.9971, Test F1 0.9971
2024-03-26 08:36:03,467 - INFO - Subject 15, Epoch 47: Train Loss 0.0211, Train Acc 0.9956, Train F1 0.9956, Test Loss 0.0183, Test Acc 1.0000, Test F1 1.0000
2024-03-26 08:36:53,452 - INFO - Subject 15, Epoch 48: Train Loss 0.0492, Train Acc 0.9820, Train F1 0.9820, Test Loss 1.1333, Test Acc 0.6681, Test F1 0.5819
2024-03-26 08:37:43,184 - INFO - Subject 15, Epoch 49: Train Loss 0.2032, Train Acc 0.9407, Train F1 0.9406, Test Loss 0.0441, Test Acc 0.9897, Test F1 0.9897
2024-03-26 08:38:32,808 - INFO - Subject 15, Epoch 50: Train Loss 0.0179, Train Acc 0.9993, Train F1 0.9993, Test Loss 0.0119, Test Acc 1.0000, Test F1 1.0000
2024-03-26 08:38:32,860 - INFO - Processing Subject 1 with dataset size: 3394
2024-03-26 08:39:22,474 - INFO - Subject 1, Epoch 1: Train Loss 1.1791, Train Acc 0.3594, Train F1 0.3594, Test Loss 1.0778, Test Acc 0.3953, Test F1 0.2857
2024-03-26 08:40:12,167 - INFO - Subject 1, Epoch 2: Train Loss 1.0742, Train Acc 0.4013, Train F1 0.3931, Test Loss 1.0650, Test Acc 0.5280, Test F1 0.4847
2024-03-26 08:41:02,042 - INFO - Subject 1, Epoch 3: Train Loss 1.0327, Train Acc 0.4669, Train F1 0.4637, Test Loss 0.9919, Test Acc 0.3687, Test F1 0.2220
2024-03-26 08:41:52,032 - INFO - Subject 1, Epoch 4: Train Loss 0.9217, Train Acc 0.5442, Train F1 0.5389, Test Loss 0.7518, Test Acc 0.7611, Test F1 0.7410
2024-03-26 08:42:41,938 - INFO - Subject 1, Epoch 5: Train Loss 0.7608, Train Acc 0.6539, Train F1 0.6473, Test Loss 0.7891, Test Acc 0.4676, Test F1 0.3623
2024-03-26 08:43:31,792 - INFO - Subject 1, Epoch 6: Train Loss 0.5349, Train Acc 0.7927, Train F1 0.7895, Test Loss 0.3936, Test Acc 0.9174, Test F1 0.9176
2024-03-26 08:44:21,476 - INFO - Subject 1, Epoch 7: Train Loss 0.4302, Train Acc 0.8487, Train F1 0.8466, Test Loss 0.3010, Test Acc 0.9218, Test F1 0.9219
2024-03-26 08:45:11,521 - INFO - Subject 1, Epoch 8: Train Loss 0.3888, Train Acc 0.8538, Train F1 0.8528, Test Loss 0.2723, Test Acc 0.9322, Test F1 0.9319
2024-03-26 08:46:01,344 - INFO - Subject 1, Epoch 9: Train Loss 0.2936, Train Acc 0.9054, Train F1 0.9045, Test Loss 0.5521, Test Acc 0.7832, Test F1 0.7814
2024-03-26 08:46:50,943 - INFO - Subject 1, Epoch 10: Train Loss 0.3339, Train Acc 0.8652, Train F1 0.8643, Test Loss 0.3143, Test Acc 0.8643, Test F1 0.8644
2024-03-26 08:47:41,199 - INFO - Subject 1, Epoch 11: Train Loss 0.2435, Train Acc 0.9227, Train F1 0.9219, Test Loss 0.2166, Test Acc 0.9425, Test F1 0.9423
2024-03-26 08:48:30,942 - INFO - Subject 1, Epoch 12: Train Loss 0.2240, Train Acc 0.9238, Train F1 0.9234, Test Loss 0.1927, Test Acc 0.9277, Test F1 0.9278
2024-03-26 08:49:20,811 - INFO - Subject 1, Epoch 13: Train Loss 0.2082, Train Acc 0.9326, Train F1 0.9325, Test Loss 0.1862, Test Acc 0.9351, Test F1 0.9353
2024-03-26 08:50:10,752 - INFO - Subject 1, Epoch 14: Train Loss 0.2002, Train Acc 0.9352, Train F1 0.9352, Test Loss 0.1879, Test Acc 0.9336, Test F1 0.9332
2024-03-26 08:51:00,756 - INFO - Subject 1, Epoch 15: Train Loss 0.1968, Train Acc 0.9323, Train F1 0.9322, Test Loss 0.1858, Test Acc 0.9292, Test F1 0.9293
2024-03-26 08:51:50,459 - INFO - Subject 1, Epoch 16: Train Loss 0.3471, Train Acc 0.8520, Train F1 0.8512, Test Loss 0.4429, Test Acc 0.8142, Test F1 0.8127
2024-03-26 08:52:40,470 - INFO - Subject 1, Epoch 17: Train Loss 0.3533, Train Acc 0.8560, Train F1 0.8553, Test Loss 0.2465, Test Acc 0.9130, Test F1 0.9137
2024-03-26 08:53:30,436 - INFO - Subject 1, Epoch 18: Train Loss 0.3074, Train Acc 0.8737, Train F1 0.8729, Test Loss 0.2557, Test Acc 0.8982, Test F1 0.8980
2024-03-26 08:54:20,183 - INFO - Subject 1, Epoch 19: Train Loss 0.3858, Train Acc 0.8387, Train F1 0.8386, Test Loss 0.2578, Test Acc 0.8805, Test F1 0.8808
2024-03-26 08:55:09,892 - INFO - Subject 1, Epoch 20: Train Loss 0.2408, Train Acc 0.9065, Train F1 0.9060, Test Loss 0.3208, Test Acc 0.8732, Test F1 0.8749
2024-03-26 08:56:00,065 - INFO - Subject 1, Epoch 21: Train Loss 0.2635, Train Acc 0.8895, Train F1 0.8890, Test Loss 0.1356, Test Acc 0.9484, Test F1 0.9484
2024-03-26 08:56:49,574 - INFO - Subject 1, Epoch 22: Train Loss 0.1950, Train Acc 0.9249, Train F1 0.9246, Test Loss 0.2247, Test Acc 0.8835, Test F1 0.8782
2024-03-26 08:57:39,382 - INFO - Subject 1, Epoch 23: Train Loss 0.2050, Train Acc 0.9175, Train F1 0.9170, Test Loss 0.2713, Test Acc 0.8746, Test F1 0.8746
2024-03-26 08:58:28,951 - INFO - Subject 1, Epoch 24: Train Loss 0.2321, Train Acc 0.9102, Train F1 0.9099, Test Loss 0.1335, Test Acc 0.9322, Test F1 0.9322
2024-03-26 08:59:18,839 - INFO - Subject 1, Epoch 25: Train Loss 0.1792, Train Acc 0.9183, Train F1 0.9180, Test Loss 0.1288, Test Acc 0.9425, Test F1 0.9428
2024-03-26 09:00:09,096 - INFO - Subject 1, Epoch 26: Train Loss 0.1707, Train Acc 0.9319, Train F1 0.9317, Test Loss 0.2620, Test Acc 0.8879, Test F1 0.8817
2024-03-26 09:00:58,910 - INFO - Subject 1, Epoch 27: Train Loss 0.1568, Train Acc 0.9370, Train F1 0.9368, Test Loss 0.0860, Test Acc 0.9631, Test F1 0.9631
2024-03-26 09:01:49,014 - INFO - Subject 1, Epoch 28: Train Loss 0.1858, Train Acc 0.9323, Train F1 0.9323, Test Loss 0.3652, Test Acc 0.8879, Test F1 0.8862
2024-03-26 09:02:38,844 - INFO - Subject 1, Epoch 29: Train Loss 0.1723, Train Acc 0.9334, Train F1 0.9329, Test Loss 0.0920, Test Acc 0.9543, Test F1 0.9543
2024-03-26 09:03:29,825 - INFO - Subject 1, Epoch 30: Train Loss 0.1030, Train Acc 0.9639, Train F1 0.9639, Test Loss 0.0828, Test Acc 0.9720, Test F1 0.9721
2024-03-26 09:04:24,961 - INFO - Subject 1, Epoch 31: Train Loss 0.1106, Train Acc 0.9647, Train F1 0.9646, Test Loss 0.0932, Test Acc 0.9602, Test F1 0.9599
2024-03-26 09:05:15,357 - INFO - Subject 1, Epoch 32: Train Loss 0.1129, Train Acc 0.9554, Train F1 0.9553, Test Loss 0.1519, Test Acc 0.9395, Test F1 0.9395
2024-03-26 09:06:05,258 - INFO - Subject 1, Epoch 33: Train Loss 0.1016, Train Acc 0.9628, Train F1 0.9627, Test Loss 0.0670, Test Acc 0.9823, Test F1 0.9823
2024-03-26 09:06:55,336 - INFO - Subject 1, Epoch 34: Train Loss 0.0682, Train Acc 0.9790, Train F1 0.9790, Test Loss 0.0659, Test Acc 0.9705, Test F1 0.9705
2024-03-26 09:07:45,296 - INFO - Subject 1, Epoch 35: Train Loss 0.0942, Train Acc 0.9650, Train F1 0.9650, Test Loss 0.0915, Test Acc 0.9808, Test F1 0.9808
2024-03-26 09:08:35,371 - INFO - Subject 1, Epoch 36: Train Loss 0.0632, Train Acc 0.9827, Train F1 0.9827, Test Loss 0.0549, Test Acc 0.9823, Test F1 0.9823
2024-03-26 09:09:25,569 - INFO - Subject 1, Epoch 37: Train Loss 0.0662, Train Acc 0.9794, Train F1 0.9794, Test Loss 0.0555, Test Acc 0.9808, Test F1 0.9808
2024-03-26 09:10:15,652 - INFO - Subject 1, Epoch 38: Train Loss 0.0598, Train Acc 0.9820, Train F1 0.9820, Test Loss 0.0496, Test Acc 0.9823, Test F1 0.9823
2024-03-26 09:11:05,422 - INFO - Subject 1, Epoch 39: Train Loss 0.0572, Train Acc 0.9812, Train F1 0.9812, Test Loss 0.0633, Test Acc 0.9646, Test F1 0.9646
2024-03-26 09:11:55,194 - INFO - Subject 1, Epoch 40: Train Loss 0.0540, Train Acc 0.9845, Train F1 0.9845, Test Loss 0.0480, Test Acc 0.9823, Test F1 0.9823
2024-03-26 09:12:45,202 - INFO - Subject 1, Epoch 41: Train Loss 0.0515, Train Acc 0.9845, Train F1 0.9845, Test Loss 0.0496, Test Acc 0.9838, Test F1 0.9838
2024-03-26 09:13:35,044 - INFO - Subject 1, Epoch 42: Train Loss 0.0509, Train Acc 0.9842, Train F1 0.9842, Test Loss 0.0549, Test Acc 0.9808, Test F1 0.9808
2024-03-26 09:14:24,849 - INFO - Subject 1, Epoch 43: Train Loss 0.0500, Train Acc 0.9842, Train F1 0.9842, Test Loss 0.0478, Test Acc 0.9823, Test F1 0.9823
2024-03-26 09:15:15,004 - INFO - Subject 1, Epoch 44: Train Loss 0.0482, Train Acc 0.9845, Train F1 0.9845, Test Loss 0.0465, Test Acc 0.9823, Test F1 0.9823
2024-03-26 09:16:04,799 - INFO - Subject 1, Epoch 45: Train Loss 0.0478, Train Acc 0.9842, Train F1 0.9842, Test Loss 0.0454, Test Acc 0.9823, Test F1 0.9823
2024-03-26 09:16:54,539 - INFO - Subject 1, Epoch 46: Train Loss 0.3612, Train Acc 0.8693, Train F1 0.8693, Test Loss 0.1892, Test Acc 0.9233, Test F1 0.9231
2024-03-26 09:17:46,577 - INFO - Subject 1, Epoch 47: Train Loss 0.1739, Train Acc 0.9359, Train F1 0.9357, Test Loss 0.1552, Test Acc 0.9513, Test F1 0.9516
2024-03-26 09:18:36,701 - INFO - Subject 1, Epoch 48: Train Loss 0.2293, Train Acc 0.9046, Train F1 0.9045, Test Loss 0.0705, Test Acc 0.9808, Test F1 0.9808
2024-03-26 09:19:26,417 - INFO - Subject 1, Epoch 49: Train Loss 0.1029, Train Acc 0.9595, Train F1 0.9594, Test Loss 0.0660, Test Acc 0.9690, Test F1 0.9690
2024-03-26 09:20:16,323 - INFO - Subject 1, Epoch 50: Train Loss 0.1173, Train Acc 0.9529, Train F1 0.9529, Test Loss 0.2138, Test Acc 0.8968, Test F1 0.8920
2024-03-26 09:20:16,380 - INFO - Processing Subject 2 with dataset size: 3394
2024-03-26 09:21:06,071 - INFO - Subject 2, Epoch 1: Train Loss 1.1345, Train Acc 0.3538, Train F1 0.3534, Test Loss 1.1002, Test Acc 0.3245, Test F1 0.1590
2024-03-26 09:21:55,677 - INFO - Subject 2, Epoch 2: Train Loss 1.0661, Train Acc 0.4286, Train F1 0.4287, Test Loss 0.9834, Test Acc 0.6239, Test F1 0.5060
2024-03-26 09:22:45,451 - INFO - Subject 2, Epoch 3: Train Loss 1.0088, Train Acc 0.4683, Train F1 0.4638, Test Loss 1.0226, Test Acc 0.3643, Test F1 0.2123
2024-03-26 09:23:35,098 - INFO - Subject 2, Epoch 4: Train Loss 0.9316, Train Acc 0.5070, Train F1 0.5001, Test Loss 0.8106, Test Acc 0.6121, Test F1 0.5129
2024-03-26 09:24:25,000 - INFO - Subject 2, Epoch 5: Train Loss 0.8760, Train Acc 0.5446, Train F1 0.5335, Test Loss 0.7622, Test Acc 0.6460, Test F1 0.6467
2024-03-26 09:25:14,955 - INFO - Subject 2, Epoch 6: Train Loss 0.8455, Train Acc 0.5681, Train F1 0.5646, Test Loss 0.8174, Test Acc 0.5575, Test F1 0.5414
2024-03-26 09:26:04,459 - INFO - Subject 2, Epoch 7: Train Loss 0.7993, Train Acc 0.6189, Train F1 0.6124, Test Loss 0.7407, Test Acc 0.6313, Test F1 0.6389
2024-03-26 09:26:53,958 - INFO - Subject 2, Epoch 8: Train Loss 0.7925, Train Acc 0.6138, Train F1 0.6062, Test Loss 0.7325, Test Acc 0.6372, Test F1 0.6154
2024-03-26 09:27:43,572 - INFO - Subject 2, Epoch 9: Train Loss 0.7890, Train Acc 0.6149, Train F1 0.6065, Test Loss 0.7695, Test Acc 0.6150, Test F1 0.5741
2024-03-26 09:28:32,858 - INFO - Subject 2, Epoch 10: Train Loss 0.7494, Train Acc 0.6469, Train F1 0.6386, Test Loss 0.6909, Test Acc 0.6829, Test F1 0.6486
2024-03-26 09:29:22,736 - INFO - Subject 2, Epoch 11: Train Loss 0.7266, Train Acc 0.6778, Train F1 0.6686, Test Loss 0.6712, Test Acc 0.7035, Test F1 0.7024
2024-03-26 09:30:12,755 - INFO - Subject 2, Epoch 12: Train Loss 0.7100, Train Acc 0.6926, Train F1 0.6832, Test Loss 0.6547, Test Acc 0.7286, Test F1 0.7193
2024-03-26 09:31:02,611 - INFO - Subject 2, Epoch 13: Train Loss 0.6961, Train Acc 0.7084, Train F1 0.6978, Test Loss 0.6480, Test Acc 0.7389, Test F1 0.7283
2024-03-26 09:31:52,508 - INFO - Subject 2, Epoch 14: Train Loss 0.6842, Train Acc 0.7191, Train F1 0.7087, Test Loss 0.6553, Test Acc 0.7360, Test F1 0.7176
2024-03-26 09:32:41,988 - INFO - Subject 2, Epoch 15: Train Loss 0.6784, Train Acc 0.7180, Train F1 0.7087, Test Loss 0.6422, Test Acc 0.7375, Test F1 0.7271
2024-03-26 09:33:31,534 - INFO - Subject 2, Epoch 16: Train Loss 0.8088, Train Acc 0.6311, Train F1 0.6260, Test Loss 0.7625, Test Acc 0.6268, Test F1 0.5116
2024-03-26 09:34:21,410 - INFO - Subject 2, Epoch 17: Train Loss 0.7691, Train Acc 0.6355, Train F1 0.6330, Test Loss 0.6694, Test Acc 0.6726, Test F1 0.6039
2024-03-26 09:35:10,921 - INFO - Subject 2, Epoch 18: Train Loss 0.7375, Train Acc 0.6517, Train F1 0.6441, Test Loss 0.6217, Test Acc 0.7463, Test F1 0.7244
2024-03-26 09:36:00,674 - INFO - Subject 2, Epoch 19: Train Loss 0.7023, Train Acc 0.6852, Train F1 0.6783, Test Loss 0.6741, Test Acc 0.7109, Test F1 0.6667
2024-03-26 09:36:50,462 - INFO - Subject 2, Epoch 20: Train Loss 0.6969, Train Acc 0.6767, Train F1 0.6716, Test Loss 0.6496, Test Acc 0.6224, Test F1 0.6024
2024-03-26 09:37:40,459 - INFO - Subject 2, Epoch 21: Train Loss 0.6011, Train Acc 0.7161, Train F1 0.7114, Test Loss 0.4608, Test Acc 0.7935, Test F1 0.7780
2024-03-26 09:38:30,052 - INFO - Subject 2, Epoch 22: Train Loss 0.6142, Train Acc 0.7301, Train F1 0.7262, Test Loss 0.6230, Test Acc 0.6637, Test F1 0.6247
2024-03-26 09:39:19,646 - INFO - Subject 2, Epoch 23: Train Loss 0.5906, Train Acc 0.7290, Train F1 0.7245, Test Loss 0.4783, Test Acc 0.7817, Test F1 0.7815
2024-03-26 09:40:09,199 - INFO - Subject 2, Epoch 24: Train Loss 0.5121, Train Acc 0.7728, Train F1 0.7700, Test Loss 0.8041, Test Acc 0.5457, Test F1 0.4879
2024-03-26 09:40:58,604 - INFO - Subject 2, Epoch 25: Train Loss 0.4867, Train Acc 0.7872, Train F1 0.7853, Test Loss 0.6422, Test Acc 0.7006, Test F1 0.6313
2024-03-26 09:41:48,322 - INFO - Subject 2, Epoch 26: Train Loss 0.4315, Train Acc 0.8177, Train F1 0.8164, Test Loss 0.3267, Test Acc 0.8864, Test F1 0.8873
2024-03-26 09:42:38,144 - INFO - Subject 2, Epoch 27: Train Loss 0.4518, Train Acc 0.8012, Train F1 0.8005, Test Loss 0.3276, Test Acc 0.8510, Test F1 0.8456
2024-03-26 09:43:27,573 - INFO - Subject 2, Epoch 28: Train Loss 0.3553, Train Acc 0.8605, Train F1 0.8595, Test Loss 0.3146, Test Acc 0.8584, Test F1 0.8600
2024-03-26 09:44:17,605 - INFO - Subject 2, Epoch 29: Train Loss 0.3649, Train Acc 0.8446, Train F1 0.8443, Test Loss 0.2992, Test Acc 0.8525, Test F1 0.8461
2024-03-26 09:45:07,380 - INFO - Subject 2, Epoch 30: Train Loss 0.3127, Train Acc 0.8722, Train F1 0.8719, Test Loss 0.2457, Test Acc 0.8835, Test F1 0.8814
2024-03-26 09:45:56,998 - INFO - Subject 2, Epoch 31: Train Loss 0.3140, Train Acc 0.8730, Train F1 0.8726, Test Loss 0.2248, Test Acc 0.9027, Test F1 0.9018
2024-03-26 09:46:46,757 - INFO - Subject 2, Epoch 32: Train Loss 0.3095, Train Acc 0.8697, Train F1 0.8694, Test Loss 0.3015, Test Acc 0.8481, Test F1 0.8444
2024-03-26 09:47:36,355 - INFO - Subject 2, Epoch 33: Train Loss 0.2890, Train Acc 0.8973, Train F1 0.8971, Test Loss 0.2151, Test Acc 0.9440, Test F1 0.9446
2024-03-26 09:48:25,914 - INFO - Subject 2, Epoch 34: Train Loss 0.2482, Train Acc 0.9116, Train F1 0.9116, Test Loss 0.1884, Test Acc 0.9513, Test F1 0.9512
2024-03-26 09:49:15,527 - INFO - Subject 2, Epoch 35: Train Loss 0.2184, Train Acc 0.9297, Train F1 0.9294, Test Loss 0.1779, Test Acc 0.9469, Test F1 0.9463
2024-03-26 09:50:05,305 - INFO - Subject 2, Epoch 36: Train Loss 0.2078, Train Acc 0.9337, Train F1 0.9335, Test Loss 0.1863, Test Acc 0.9543, Test F1 0.9541
2024-03-26 09:50:55,039 - INFO - Subject 2, Epoch 37: Train Loss 0.2057, Train Acc 0.9356, Train F1 0.9354, Test Loss 0.1719, Test Acc 0.9499, Test F1 0.9500
2024-03-26 09:51:44,718 - INFO - Subject 2, Epoch 38: Train Loss 0.1951, Train Acc 0.9378, Train F1 0.9377, Test Loss 0.1910, Test Acc 0.9410, Test F1 0.9402
2024-03-26 09:52:34,326 - INFO - Subject 2, Epoch 39: Train Loss 0.1856, Train Acc 0.9499, Train F1 0.9499, Test Loss 0.1561, Test Acc 0.9676, Test F1 0.9676
2024-03-26 09:53:23,966 - INFO - Subject 2, Epoch 40: Train Loss 0.1805, Train Acc 0.9507, Train F1 0.9505, Test Loss 0.1474, Test Acc 0.9690, Test F1 0.9690
2024-03-26 09:54:13,395 - INFO - Subject 2, Epoch 41: Train Loss 0.1749, Train Acc 0.9510, Train F1 0.9509, Test Loss 0.1489, Test Acc 0.9631, Test F1 0.9631
2024-03-26 09:55:02,896 - INFO - Subject 2, Epoch 42: Train Loss 0.1695, Train Acc 0.9554, Train F1 0.9554, Test Loss 0.1443, Test Acc 0.9676, Test F1 0.9676
2024-03-26 09:55:52,609 - INFO - Subject 2, Epoch 43: Train Loss 0.1685, Train Acc 0.9577, Train F1 0.9576, Test Loss 0.1423, Test Acc 0.9690, Test F1 0.9690
2024-03-26 09:56:41,925 - INFO - Subject 2, Epoch 44: Train Loss 0.1661, Train Acc 0.9577, Train F1 0.9576, Test Loss 0.1420, Test Acc 0.9690, Test F1 0.9690
2024-03-26 09:57:31,668 - INFO - Subject 2, Epoch 45: Train Loss 0.1650, Train Acc 0.9577, Train F1 0.9576, Test Loss 0.1418, Test Acc 0.9690, Test F1 0.9690
2024-03-26 09:58:21,338 - INFO - Subject 2, Epoch 46: Train Loss 0.5603, Train Acc 0.7603, Train F1 0.7603, Test Loss 0.3507, Test Acc 0.8319, Test F1 0.8281
2024-03-26 09:59:10,828 - INFO - Subject 2, Epoch 47: Train Loss 0.3455, Train Acc 0.8494, Train F1 0.8493, Test Loss 0.3556, Test Acc 0.8230, Test F1 0.8114
2024-03-26 10:00:00,780 - INFO - Subject 2, Epoch 48: Train Loss 0.2860, Train Acc 0.8818, Train F1 0.8812, Test Loss 0.6066, Test Acc 0.7345, Test F1 0.6764
2024-03-26 10:00:50,425 - INFO - Subject 2, Epoch 49: Train Loss 0.2930, Train Acc 0.8792, Train F1 0.8793, Test Loss 0.1711, Test Acc 0.9690, Test F1 0.9690
2024-03-26 10:01:40,103 - INFO - Subject 2, Epoch 50: Train Loss 0.2726, Train Acc 0.8984, Train F1 0.8984, Test Loss 0.2000, Test Acc 0.9351, Test F1 0.9357
2024-03-26 10:01:40,159 - INFO - Processing Subject 3 with dataset size: 3394
2024-03-26 10:02:29,950 - INFO - Subject 3, Epoch 1: Train Loss 1.1128, Train Acc 0.3925, Train F1 0.3913, Test Loss 0.9792, Test Acc 0.4853, Test F1 0.4005
2024-03-26 10:03:19,826 - INFO - Subject 3, Epoch 2: Train Loss 0.9501, Train Acc 0.4908, Train F1 0.4845, Test Loss 0.9252, Test Acc 0.5782, Test F1 0.4908
2024-03-26 10:04:09,121 - INFO - Subject 3, Epoch 3: Train Loss 0.8851, Train Acc 0.5342, Train F1 0.5263, Test Loss 1.0577, Test Acc 0.4867, Test F1 0.4357
2024-03-26 10:04:58,916 - INFO - Subject 3, Epoch 4: Train Loss 0.8819, Train Acc 0.5545, Train F1 0.5436, Test Loss 0.8653, Test Acc 0.5324, Test F1 0.4370
2024-03-26 10:05:49,202 - INFO - Subject 3, Epoch 5: Train Loss 0.8419, Train Acc 0.5342, Train F1 0.5302, Test Loss 0.9250, Test Acc 0.5339, Test F1 0.4855
2024-03-26 10:06:38,958 - INFO - Subject 3, Epoch 6: Train Loss 0.7924, Train Acc 0.5965, Train F1 0.5925, Test Loss 0.7800, Test Acc 0.5678, Test F1 0.4734
2024-03-26 10:07:28,854 - INFO - Subject 3, Epoch 7: Train Loss 0.7371, Train Acc 0.6421, Train F1 0.6392, Test Loss 0.7357, Test Acc 0.6047, Test F1 0.5798
2024-03-26 10:08:18,365 - INFO - Subject 3, Epoch 8: Train Loss 0.6800, Train Acc 0.6878, Train F1 0.6855, Test Loss 0.7198, Test Acc 0.6180, Test F1 0.5907
2024-03-26 10:09:08,141 - INFO - Subject 3, Epoch 9: Train Loss 0.6348, Train Acc 0.7010, Train F1 0.6981, Test Loss 0.6635, Test Acc 0.6770, Test F1 0.6602
2024-03-26 10:09:57,924 - INFO - Subject 3, Epoch 10: Train Loss 0.5672, Train Acc 0.7563, Train F1 0.7521, Test Loss 0.6148, Test Acc 0.7611, Test F1 0.7568
2024-03-26 10:10:47,652 - INFO - Subject 3, Epoch 11: Train Loss 0.5509, Train Acc 0.7703, Train F1 0.7655, Test Loss 0.6073, Test Acc 0.7522, Test F1 0.7498
2024-03-26 10:11:37,133 - INFO - Subject 3, Epoch 12: Train Loss 0.5303, Train Acc 0.7736, Train F1 0.7690, Test Loss 0.5930, Test Acc 0.7478, Test F1 0.7348
2024-03-26 10:12:26,877 - INFO - Subject 3, Epoch 13: Train Loss 0.5052, Train Acc 0.7986, Train F1 0.7926, Test Loss 0.5806, Test Acc 0.7729, Test F1 0.7708
2024-03-26 10:13:16,443 - INFO - Subject 3, Epoch 14: Train Loss 0.4986, Train Acc 0.7990, Train F1 0.7925, Test Loss 0.5556, Test Acc 0.7802, Test F1 0.7684
2024-03-26 10:14:06,223 - INFO - Subject 3, Epoch 15: Train Loss 0.4900, Train Acc 0.8023, Train F1 0.7958, Test Loss 0.5552, Test Acc 0.7758, Test F1 0.7651
2024-03-26 10:14:56,139 - INFO - Subject 3, Epoch 16: Train Loss 0.7005, Train Acc 0.6778, Train F1 0.6753, Test Loss 0.7330, Test Acc 0.6372, Test F1 0.6001
2024-03-26 10:15:45,935 - INFO - Subject 3, Epoch 17: Train Loss 0.5906, Train Acc 0.7246, Train F1 0.7216, Test Loss 0.6601, Test Acc 0.7242, Test F1 0.7153
2024-03-26 10:16:35,705 - INFO - Subject 3, Epoch 18: Train Loss 0.6078, Train Acc 0.7176, Train F1 0.7156, Test Loss 0.7935, Test Acc 0.5900, Test F1 0.5189
2024-03-26 10:17:27,547 - INFO - Subject 3, Epoch 19: Train Loss 0.5494, Train Acc 0.7529, Train F1 0.7512, Test Loss 0.5944, Test Acc 0.7153, Test F1 0.7056
2024-03-26 10:18:18,033 - INFO - Subject 3, Epoch 20: Train Loss 0.4856, Train Acc 0.7809, Train F1 0.7784, Test Loss 0.6514, Test Acc 0.6917, Test F1 0.6713
2024-03-26 10:19:07,860 - INFO - Subject 3, Epoch 21: Train Loss 0.4559, Train Acc 0.7971, Train F1 0.7955, Test Loss 0.8474, Test Acc 0.6032, Test F1 0.5089
2024-03-26 10:19:58,073 - INFO - Subject 3, Epoch 22: Train Loss 0.4685, Train Acc 0.7927, Train F1 0.7913, Test Loss 0.5604, Test Acc 0.7758, Test F1 0.7788
2024-03-26 10:20:47,910 - INFO - Subject 3, Epoch 23: Train Loss 0.3909, Train Acc 0.8325, Train F1 0.8314, Test Loss 0.3718, Test Acc 0.8628, Test F1 0.8624
2024-03-26 10:21:37,812 - INFO - Subject 3, Epoch 24: Train Loss 0.3733, Train Acc 0.8409, Train F1 0.8401, Test Loss 0.4255, Test Acc 0.8230, Test F1 0.8158
2024-03-26 10:22:27,480 - INFO - Subject 3, Epoch 25: Train Loss 0.3589, Train Acc 0.8524, Train F1 0.8520, Test Loss 0.7884, Test Acc 0.7434, Test F1 0.7428
2024-03-26 10:23:17,214 - INFO - Subject 3, Epoch 26: Train Loss 0.3410, Train Acc 0.8605, Train F1 0.8597, Test Loss 0.3493, Test Acc 0.8702, Test F1 0.8703
2024-03-26 10:24:06,884 - INFO - Subject 3, Epoch 27: Train Loss 0.3107, Train Acc 0.8792, Train F1 0.8790, Test Loss 0.3440, Test Acc 0.8820, Test F1 0.8818
2024-03-26 10:24:56,709 - INFO - Subject 3, Epoch 28: Train Loss 0.2814, Train Acc 0.8881, Train F1 0.8878, Test Loss 0.3133, Test Acc 0.8997, Test F1 0.8964
2024-03-26 10:25:46,439 - INFO - Subject 3, Epoch 29: Train Loss 0.2340, Train Acc 0.9113, Train F1 0.9112, Test Loss 0.2694, Test Acc 0.9027, Test F1 0.9030
2024-03-26 10:26:36,038 - INFO - Subject 3, Epoch 30: Train Loss 0.1972, Train Acc 0.9426, Train F1 0.9426, Test Loss 0.2887, Test Acc 0.8894, Test F1 0.8906
2024-03-26 10:27:25,598 - INFO - Subject 3, Epoch 31: Train Loss 0.2052, Train Acc 0.9297, Train F1 0.9296, Test Loss 0.2096, Test Acc 0.9322, Test F1 0.9315
2024-03-26 10:28:15,241 - INFO - Subject 3, Epoch 32: Train Loss 0.2391, Train Acc 0.9109, Train F1 0.9108, Test Loss 0.3024, Test Acc 0.8555, Test F1 0.8564
2024-03-26 10:29:04,698 - INFO - Subject 3, Epoch 33: Train Loss 0.2701, Train Acc 0.8947, Train F1 0.8947, Test Loss 0.2630, Test Acc 0.8982, Test F1 0.8968
2024-03-26 10:29:54,588 - INFO - Subject 3, Epoch 34: Train Loss 0.2026, Train Acc 0.9297, Train F1 0.9297, Test Loss 0.1855, Test Acc 0.9587, Test F1 0.9586
2024-03-26 10:30:44,600 - INFO - Subject 3, Epoch 35: Train Loss 0.1654, Train Acc 0.9488, Train F1 0.9488, Test Loss 0.1809, Test Acc 0.9469, Test F1 0.9473
2024-03-26 10:31:34,294 - INFO - Subject 3, Epoch 36: Train Loss 0.1401, Train Acc 0.9661, Train F1 0.9661, Test Loss 0.1541, Test Acc 0.9572, Test F1 0.9568
2024-03-26 10:32:24,187 - INFO - Subject 3, Epoch 37: Train Loss 0.1352, Train Acc 0.9694, Train F1 0.9694, Test Loss 0.1507, Test Acc 0.9617, Test F1 0.9616
2024-03-26 10:33:15,470 - INFO - Subject 3, Epoch 38: Train Loss 0.1219, Train Acc 0.9728, Train F1 0.9728, Test Loss 0.1379, Test Acc 0.9646, Test F1 0.9646
2024-03-26 10:34:04,153 - INFO - Subject 3, Epoch 39: Train Loss 0.1173, Train Acc 0.9746, Train F1 0.9746, Test Loss 0.1370, Test Acc 0.9602, Test F1 0.9598
2024-03-26 11:02:30,510 - INFO - Loaded data for Subject 1 with shape: Features (3394, 62, 5), Labels (3394,)
2024-03-26 11:02:30,518 - INFO - Loaded data for Subject 2 with shape: Features (3394, 62, 5), Labels (3394,)
2024-03-26 11:02:30,526 - INFO - Loaded data for Subject 3 with shape: Features (3394, 62, 5), Labels (3394,)
2024-03-26 11:02:30,534 - INFO - Loaded data for Subject 4 with shape: Features (3394, 62, 5), Labels (3394,)
2024-03-26 11:02:30,542 - INFO - Loaded data for Subject 5 with shape: Features (3394, 62, 5), Labels (3394,)
2024-03-26 11:02:30,550 - INFO - Loaded data for Subject 6 with shape: Features (3394, 62, 5), Labels (3394,)
2024-03-26 11:02:30,558 - INFO - Loaded data for Subject 7 with shape: Features (3394, 62, 5), Labels (3394,)
2024-03-26 11:02:30,566 - INFO - Loaded data for Subject 8 with shape: Features (3394, 62, 5), Labels (3394,)
2024-03-26 11:02:30,575 - INFO - Loaded data for Subject 9 with shape: Features (3394, 62, 5), Labels (3394,)
2024-03-26 11:02:30,583 - INFO - Loaded data for Subject 10 with shape: Features (3394, 62, 5), Labels (3394,)
2024-03-26 11:02:30,590 - INFO - Loaded data for Subject 11 with shape: Features (3394, 62, 5), Labels (3394,)
2024-03-26 11:02:30,598 - INFO - Loaded data for Subject 12 with shape: Features (3394, 62, 5), Labels (3394,)
2024-03-26 11:02:30,606 - INFO - Loaded data for Subject 13 with shape: Features (3394, 62, 5), Labels (3394,)
2024-03-26 11:02:30,613 - INFO - Loaded data for Subject 14 with shape: Features (3394, 62, 5), Labels (3394,)
2024-03-26 11:02:30,621 - INFO - Loaded data for Subject 15 with shape: Features (3394, 62, 5), Labels (3394,)
2024-03-26 11:02:30,801 - INFO - 
Processing Subject 1 as test set.
2024-03-26 11:02:30,853 - INFO - Training set size: 47516, Test set size: 3394
2024-03-26 11:02:30,854 - INFO - Epoch 1/5, Training with Subject 1 as test set.
